brand,brand_username,post_url,post_date,likes_count,comments_count,caption,hashtags
Alani Nu,alaninutrition,https://www.instagram.com/alaninutrition/p/DB1a0c_PZv4/,2024-11-01,94000.0,3557.0,Winter Wonderland ❄️NEW FLAVOR❄️ is coming SOON to bring on the cheer! 🎄🎁,
Alani Nu,alaninutrition,https://www.instagram.com/alaninutrition/p/DB9QEe4vJ7z/,2024-11-04,56000.0,31000.0,"❄️ WINTER WONDERLAND GIVEAWAY ❄️ (GIVEAWAY CLOSED)

Our festive new flavor is giving joy, so we’re sharing the cheer! 10 FOLLOWERS will WIN a Winter Wonderland Bundle with Energy and Pre-Workout+ 🌲

HOW TO ENTER:
🎁 Like this post & FOLLOW @AlaniNutrition
🎁 TAG a bestie who always sparkles
🎁 Share to your STORY for a bonus entry

T&Cs: 10 winners will receive (1) Winter Wonderland Energy 12PK and (1) Winter Wonderland Pre-Workout+. Only open to U.S. residents. You must be 18+ to enter. Prize valued at $69.98. Entries open until 11.05 at 12PM ET. Unlimited entries. All participants must be following @AlaniNutrition. Winners will be contacted via DM by 11.07 through our verified account. This giveaway is in no way sponsored, endorsed, administered by, or associated with Instagram.",
Alani Nu,alaninutrition,https://www.instagram.com/alaninutrition/p/DEknsV2Pctb/,2025-01-08,404000.0,2597.0,"WATERMELON WAVE GOT A FLAVOR ENCORE! 🍉🎤

New look AND taste ft. @megmoroney 🌸🎶",
Alani Nu,alaninutrition,https://www.instagram.com/alaninutrition/p/DF5mAraPRQT/,2025-02-10,116000.0,2879.0,"🌅 STRAWBERRY SUNRISE HITS DIFFERENT! 🍓

A fresh, vibrant twist that brings the perfect sip!",
Alani Nu,alaninutrition,https://www.instagram.com/alaninutrition/p/DF-vkTcvZDa/,2025-02-12,117000.0,93000.0,"🍓 STRAWBERRY SUNRISE MINI FRIDGE GIVEAWAY 🍓 (GIVEAWAY CLOSED)

Get ready to RISE & ENERGIZE besties, because we’re giving away 10 ALANI MINI FRIDGES stocked with Strawberry Sunrise Energy! 🌅✨

HOW TO ENTER:
🌼LIKE this post & TAG a bestie who BRIGHTENS your day!
🌼 Make sure you both FOLLOW @AlaniNutrition!
🌼 Share to your STORY for a bonus entry!

T&Cs: 10 winners will receive (1) Alani Nu Mini Fridge and (9) Strawberry Sunrise 12PKs. Only open to continental U.S. residents. You must be 18+ to enter. Prize valued at $599. Entries open until 2.13 at 12PM ET. Unlimited entries. All participants must be following @AlaniNutrition. Winners will be contacted via DM by 2.14 through our verified account. This giveaway is in no way sponsored, endorsed, administered by, or associated with Instagram.",
Alani Nu,alaninutrition,https://www.instagram.com/alaninutrition/p/DHGu8aNp2lR/,2025-03-12,60000.0,12000.0,"🩵 BLUE SLUSH GIVEAWAY 🩵 (GIVEAWAY CLOSED)

Want to join the SLUSH CLUB with @whitneyysimmons? 🤭
Our Blue Slush glow-up is HERE with an epic giveaway! 10 FOLLOWERS will win a SWEET BUNDLE of Blue Slush Energy & Pre-Workout+!

HOW TO ENTER:
⚡️ LIKE this post & TAG a bestie with BIG SLUSH ENERGY!
⚡️ Make sure you both FOLLOW @AlaniNutrition!
⚡️ Share to your STORY for a bonus entry!

T&Cs: 10 winners will receive (1) Blue Slush Energy 12PK and (1) Blue Slush Pre-Workout+. Only open to U.S. residents. You must be 18+ to enter. Prize valued at $64.98. Entries open until 3.13 at 12PM ET. Unlimited entries. All participants must be following @AlaniNutrition. Winners will be contacted via DM by 3.14 through our verified account. This giveaway is in no way sponsored, endorsed, administered by, or associated with Instagram.",
Alani Nu,alaninutrition,https://www.instagram.com/alaninutrition/p/DHoNRW0xfSw/,2025-03-25,119000.0,1434.0,"🎉 100,000 FREE 4PKS OF MINI ENERGY 🎉​
​
To celebrate 7 years of Alani, we’re giving away 100K 4-packs TOMORROW at 12 PM ET — only on our site. Set your alarms, because these will go fast! 🎂⏰​
.​
.​
.​
.​
T&Cs: The promotion is open to the first 100,000 customers while supplies last who add a 4pk Mini Energy to their cart on Alani Nu’s official website. No purchase necessary. Standard shipping rates apply. This offer is limited to one (1) FREE 4pk Mini Energy per customer, per email address, per shipping address, per billing address, per household, and per payment method. Only open to U.S. residents.",
Alani Nu,alaninutrition,https://www.instagram.com/alaninutrition/p/DKZ4IFzJBzd/,2025-06-02,118000.0,2407.0,"COTTON CANDY ENERGY — meet your new favorite flavor 💖🎡
 
Spun from YOUR flavor dreams, this new showstopping sip is a sweet twist on a classic 💫",
Alani Nu,alaninutrition,https://www.instagram.com/alaninutrition/p/DKfBuEZR8Wa/,2025-06-04,74000.0,24000.0,"NEW FLAVOR GIVEAWAY: 🍬COTTON CANDY🍬 (GIVEAWAY CLOSED)
 
Grab your tickets bestie, it’s time for the MAIN EVENT! 💫️We’re gifting 10 LUCKY FOLLOWERS with a 12-pack of our newest showstopping energy flavor, Cotton Candy 💞
 
HOW TO ENTER:
🎟️ LIKE this post & TAG a showstopping bestie!
🎟️ Make sure you both FOLLOW @AlaniNutrition!
🎟️ Share to your STORY for a bonus entry!
 
Giveaway ends on 06/05/2025 at 12:00 PM EST. Must be 18+ and a US legal resident to enter. This giveaway is in no way affiliated with Instagram. Good luck!
 
Note: Winner will be contacted directly via the @Alaninutrition Instagram account- No other accounts are represented by Alani Nutrition.
 
Go to alaninu.com/giveaway to see all Official Rules to enter! NO PURCHASE NECESSARY TO ENTER OR WIN. A PURCHASE DOES NOT INCREASE YOUR CHANCES OF WINNING. VOID ELSEWHERE AND WHEREVER PROHIBITED. Sponsor: Alani Nutrition LLC.",
Alani Nu,alaninutrition,https://www.instagram.com/alaninutrition/p/DM8GM78Jz7U/,2025-08-04,96000.0,2307.0,"No tricks, ALL treats — WITCH’S BREW IS BACK 🍏✨

The coveted fall flavor you know & love returns 8.06! 💜🕸️",
Alani Nu,alaninutrition,https://www.instagram.com/alaninutrition/p/DNBPzEQpReS/,2025-08-06,65000.0,27000.0,"🍏 ALANI NU WITCH’S BREW GIVEAWAY 🍏  (GIVEAWAY CLOSED)

Grab your ghouls — it’s GIVEAWAY time! 🦋🧙‍♀️10 lucky followers will win a bundle of our most coveted fall flavor: Witch’s Brew! Each bundle includes a 12-pack of Witch’s Brew Energy and our NEW 30-serve Witch’s Brew Pre-Workout+ 💜🍏

HOW TO ENTER:
🕸️ LIKE this post & tag your bestie!
🕸️ Make sure you both FOLLOW @AlaniNutrition!
🕸️ Share to your STORY for a bonus entry!

Giveaway ends on 08/07/2025 at 12:00 PM EST. Must be 18+ and a US legal resident to enter. This giveaway is in no way affiliated with Instagram. Good luck!

Note: Winners will be contacted directly via the @AlaniNutrition Instagram account - No other accounts are represented by Alani Nutrition.

Go to https://www.alaninu.com/giveaway to see all Official Rules to enter! NO PURCHASE NECESSARY TO ENTER OR WIN. A PURCHASE DOES NOT INCREASE YOUR CHANCES OF WINNING. VOID ELSEWHERE AND WHEREVER PROHIBITED. Sponsor: Alani Nutrition LLC.",
Alani Nu,alaninutrition,https://www.instagram.com/alaninutrition/p/DQmhaTckVTw/,2025-11-03,70000.0,1466.0,"WINTER WONDERLAND IS BACK — new look & taste! ❄️☃️🦩​

With ribbons of cranberry & sugar plum, this season’s hottest sip returns 11.05 🌴💝​",
Alani Nu,alaninutrition,https://www.instagram.com/alaninutrition/p/DQrq_tCESHu/,2025-11-05,33000.0,8069.0,"☃️ ALANI NU WINTER WONDERLAND GIVEAWAY ☃️ ​ (GIVEAWAY CLOSED)

Get ready to unwrap our newest seasonal sip! 💝 10 lucky followers will win our newest Winter Wonderland bundle! ❄️ Each bundle includes a 12-pack of Winter Wonderland Energy & a 30-serve tub of Winter Wonderland Pre-Workout+ 🦩🌴 ​
​
HOW TO ENTER: ​
🪩 LIKE this post & tag your bestie! ​
🪩 Make sure you both FOLLOW @AlaniNutrition! ​
🪩 Share to your STORY for a bonus entry! ​
​
Giveaway ends on 11/06/2025 at 12:00 PM EST. Must be 18+ and a US legal resident to enter. This giveaway is in no way affiliated with Instagram. Good luck! ​
Note: Winners will be contacted directly via the @AlaniNutrition Instagram account - No other accounts are represented by Alani Nutrition. ​
Go to https://www.alaninu.com/giveaway to see all Official Rules to enter! NO PURCHASE NECESSARY TO ENTER OR WIN. A PURCHASE DOES NOT INCREASE YOUR CHANCES OF WINNING. VOID ELSEWHERE AND WHEREVER PROHIBITED. Sponsor: Alani Nutrition, LLC.",
Alani Nu,alaninutrition,https://www.instagram.com/alaninutrition/p/DVMECWKkfts/,2026-02-25,54000.0,28000.0,"🍋‍🟩 ALANI NU LIME SLUSH ENERGY GIVEAWAY 🍋‍🟩 (GIVEAWAY CLOSED)

Spring just got SWEETER 🏄‍♀️ We’ve officially entered a slushie state of mind with Lime Slush Energy, and we’re giving away 75 bundles made to fuel your next escape 👙🌴

☀️ 25 Grand Prize Winners will receive an AWAY™ Suitcase, Passport Cover, & one 12pack of each of our four Alani Slush Energy Flavors
☀️ 25 VIP Prize Winners will receive a BrüMate™ Rolling Cooler & one 12pack of each of our four Alani Slush Energy Flavors
☀️ 25 Energy Winners will receive one 12pack of each of our four Alani Slush Energy Flavors

Your getaway starts here, bestie 🍋‍🟩👀

HOW TO ENTER:
🧊 Like this post & tag your destination trip-lovin’ bestie
🧊 Follow @AlaniNutrition
🧊 Share to your story for a bonus entry

Next stop: SLUSH FALLS✨🗺️

Giveaway ends on 2/26/26 at 12:01 PM EST. Must be 18+ and a US legal resident to enter. This giveaway is in no way affiliated with Instagram. Good luck! Note: Winners will be contacted directly via the @AlaniNutrition Instagram account – No other accounts are represented by Alani Nutrition.

Go to alaninu.com/blogs/alani-nu-giveaways/alani-nu-lime-slush-energy-giveaway to see all Official Rules to enter! NO PURCHASE NECESSARY TO ENTER OR WIN. A PURCHASE DOES NOT INCREASE YOUR CHANCES OF WINNING. VOID ELSEWHERE AND WHEREVER PROHIBITED. Sponsor: Alani Nutrition, LLC.",#1
Alani Nu,alaninutrition,https://www.instagram.com/alaninutrition/p/DWzCK0_ES9s/,2026-04-06,51000.0,1171.0,"Consider this your invite bestie... We’re celebrating 8 years of Alani with a FREE* Energy 6PK, from us to you! 🎂💖

The party starts TOMORROW, 4.07 at 12PM EDT on our site –– see you there 🤭

*Only Pay Shipping & Tax. While Supplies Last or until 11:59 am EDT on 4.8.  Limit 1 per household. Additional terms and exclusions apply: alaninu.com/pages/faq",
Bang,bangenergy,https://www.instagram.com/bangenergy/p/DW6rYWeksN4/,2026-04-02,144.0,14.0,"Stay strong out there friends, festival season is here🕺🪩",
Bang,bangenergy,https://www.instagram.com/bangenergy/p/DXKILUNAexI/,2026-04-02,435.0,52.0,"*CLOSED*

🚨ALL THIS COULD BE YOURS🚨

Enter to win 👉a Year Supply of Lime Pop Drop

How to enter👉click the link in bio

*18+ U.S. Only.*",
Bang,bangenergy,https://www.instagram.com/bangenergy/reel/DXpBtK3ynGu/,2026-04-02,66.0,8.0,You can count on us to be there when things get tough.,
Bang,bangenergy,https://www.instagram.com/bangenergy/reel/DW_6kD1DkdF/,2026-04-11,274.0,14.0,"Never let them know your next move…🤫

Also can someone lmk if it’s a street dog or a glizzy? Thx.👇",
Bang,bangenergy,https://www.instagram.com/modelvolleyball/reel/DXSTmC3kRFQ/,2026-04-18,192.0,8.0,ALL the vibes with @bangenergy ⚡️,
Bang,bangenergy,https://www.instagram.com/bangenergy/reel/DXUkE3tkS4U/,2026-04-19,117.0,13.0,"Miamiiiii, how tf we feelin’ baby⁉️

From the courts to dance floor, @modelvolleyball kept the ✨energy✨and the vibes high",
Bang,bangenergy,https://www.instagram.com/bangenergy/p/DXcgB__GcTR/,2026-04-22,141.0,13.0,"Just had a Bang, ✨hallelujah✨",
Bang,bangenergy,https://www.instagram.com/bangenergy/reel/DXksCl3jhVN/,2026-04-25,235.0,14.0,Tag that one friend that never wants to leave the main stage 💀👇,
Bang,bangenergy,https://www.instagram.com/ampexclusive/p/DXz9dtXFl4a/,2026-05-01,32000.0,177.0,AMP THE GOLDEN BACHELOR 💍 OUT NOW,
Bang,bangenergy,https://www.instagram.com/bangenergy/p/DXziZexjvVA/,2026-05-01,611.0,91.0,"“I said what I said”
- Gen Z employee",
Bang,bangenergy,https://www.instagram.com/bangenergy/reel/DX2OR2ODdJJ/,2026-05-02,148.0,12.0,Just what the doctor ordered 😮‍💨,
Bang,bangenergy,https://www.instagram.com/bangenergy/reel/DX7X1IkgTUa/,2026-05-04,133.0,19.0,✨Life is worth livingggggggg✨,
Bang,bangenergy,https://www.instagram.com/bangenergy/p/DYAvJgSCQ7N/,2026-05-06,260.0,210.0,"Which bev are you going to save👀? The choice is yours.

oh, and ✨Happy National Bevvy Day✨",
Bang,bangenergy,https://www.instagram.com/bangenergy/reel/DYIPzW4mlwr/,2026-05-09,124.0,12.0,"like we never left, bc we didn't",
Bang,bangenergy,https://www.instagram.com/bangenergy/p/DYQXBfBDD2k/,2026-05-12,909.0,67.0,🧊🧊🧊,
Celsius,celsiusofficial,https://www.instagram.com/celsiusofficial/p/DV1gQAxifV0/,2026-03-13,1714.0,38.0,"Close the laptop & grab a can (you made it to the weekend) 👏
LIVE. FIT. GO. CELSIUS.",
Celsius,celsiusofficial,https://www.instagram.com/slam/p/DV_c4VHkbug/,2026-03-17,33000.0,219.0,"March isn’t ready, but Azzi is. The People’s Princess fueled by @celsiusofficial. 
LIVE. FIT. GO.",
Celsius,celsiusofficial,https://www.instagram.com/slam/reel/DWB0DNykbnD/,2026-03-18,4268.0,80.0,"Behind the Vibe with the one & only @azzi35 🏀
LIVE. FIT. GO",
Celsius,celsiusofficial,https://www.instagram.com/celsiusofficial/reel/DWRkUhvxOnG/,2026-03-24,1918.0,47.0,"When you both want to be the passenger princess 👏 @sidequestdj

DISCLAIMER: Do not try this at home!",
Celsius,celsiusofficial,https://www.instagram.com/celsiusofficial/p/DWmMR02Ebs2/,2026-04-01,12000.0,865.0,"good things come in small packages....👀

okay but should we actually drop minis?? #aprilfools",#aprilfools
Celsius,celsiusofficial,https://www.instagram.com/celsiusofficial/reel/DWzL9h-prjW/,2026-04-06,2108.0,94.0,What’s your vibe today? 🍓🥥🥭,
Celsius,celsiusofficial,https://www.instagram.com/celsiusofficial/reel/DW9QVRvO53Q/,2026-04-10,929.0,47.0,"Consider this your boarding call ✈️ From takeoff to the main stage we’ll meet you at Breakaway in 2026! 🎶

@breakaway",#teamcelsius
Celsius,celsiusofficial,https://www.instagram.com/celsiusofficial/p/DXKWJE5kdOa/,2026-04-15,1993.0,55.0,"kicked off festival season at full volume 🎶🎧 

@breakaway",
Celsius,celsiusofficial,https://www.instagram.com/celsiusofficial/reel/DXW_1xcxlqf/,2026-04-20,14000.0,420.0,"we’re just warming up ⚡ something electric is coming this week...​
LIVE. FIT. GO.",
Celsius,celsiusofficial,https://www.instagram.com/celsiusofficial/reel/DXZksuNiIJG/,2026-04-21,2996.0,101.0,"we’re about to touch down in LA ⚽️ & you won’t want to miss this!!​ stay tuned as we take over the pitch👏⚡​
LIVE. FIT. GO.",
Celsius,celsiusofficial,https://www.instagram.com/celsiusofficial/reel/DXb1CgKCA_j/,2026-04-22,13000.0,487.0,"electric vibe hits the field tonight & is available for a limited time only!⚡
LIVE. FIT. GO.​",
Celsius,celsiusofficial,https://www.instagram.com/celsiusofficial/reel/DXhMY7wixGa/,2026-04-24,1914.0,187.0,"the third annual celsius classic (soccer edition) ⚽️ the crossover of the year with our most electric drop yet⚡️
LIVE. FIT. GOAL.",
Celsius,celsiusofficial,https://www.instagram.com/celsiusofficial/reel/DX2Vyo7J6RZ/,2026-05-02,2139.0,58.0,miami race weekend 🤝 celsius run club 🤝 national fitness day,
Celsius,celsiusofficial,https://www.instagram.com/celsiusofficial/p/DYDMGGKiQsF/,2026-05-07,3059.0,107.0,"consider this your sign to run & try electric vibe now⚡
LIVE. FIT. GO.",
Celsius,celsiusofficial,https://www.instagram.com/celsiusofficial/p/DYP_TdHCTDl/,2026-05-12,7843.0,213.0,if tuesday had a flavor we vote it’s cherry cola 🥤,
Monster,monsterenergy,https://www.instagram.com/monsterenergy/p/DXo6PeMFI9M/,2026-04-27,24000.0,144.0,"Postcards from @helgasons_cream_fest 🍦 

#MonsterEnergy #Snow #Snowboarding","#MonsterEnergy, #Snow, #Snowboarding"
Monster,monsterenergy,https://www.instagram.com/monsterenergy/reel/DXrpx8lDv_U/,2026-04-28,41000.0,151.0,"14 days of straight sends 🫡 @Nyjah

Watch Nyjah’s “Return to Sender” Tour edit, now playing on @ThrasherMag.

📹 @spencerburdock 

#MonsterEnergy #Skate","#MonsterEnergy, #Skate"
Monster,monsterenergy,https://www.instagram.com/monsterenergy/reel/DXr8xOMEqCM/,2026-04-28,7957.0,112.0,"monster rig’s always a vibe
 
#Stagecoach2026 #MonsterEnergy","#MonsterEnergy, #Stagecoach2026"
Monster,monsterenergy,https://www.instagram.com/monsterenergy/reel/DXzHF5rhWs9/,2026-04-30,9447.0,102.0,"Exclusive merch drop 🔥
 
Buy Monster, win exclusive Still the Problem merch! Learn more at the link in bio.
 
#MonsterEnergy #UnleashtheBeast","#MonsterEnergy, #UnleashtheBeast"
Monster,monsterenergy,https://www.instagram.com/monsterenergy/p/DXz1XeFiWx8/,2026-05-01,18000.0,93.0,"Miami livin’ 💨

#MonsterEnergy #Drift","#Drift, #MonsterEnergy"
Monster,monsterenergy,https://www.instagram.com/monsterenergy/reel/DX9klDIShyz/,2026-05-04,28000.0,78.0,"Went for it a second time 😵‍💫 @HarryBink 

#MonsterEnergy #FMX #Moto","#FMX, #MonsterEnergy, #Moto, #arrisca, #extraordinário"
Monster,monsterenergy,https://www.instagram.com/monsterenergy/reel/DX9oAW7hptX/,2026-05-05,9470.0,62.0,"Creamfest delivered 📬

Full video now live @halldor_helgason’s YouTube channel.

#MonsterEnergy #Snowboard","#MonsterEnergy, #Snowboard"
Monster,monsterenergy,https://www.instagram.com/monsterenergy/p/DX9aWqDlJpD/,2026-05-05,12000.0,60.0,"THINGS WE LOVE TO SEE 😮‍💨 @McLarenF1

A big weekend in Miami with a 1-2 in the sprint and 2-3 in Sunday’s race 👏

#MonsterEnergy #McLarenF1","#McLarenF1, #MonsterEnergy"
Monster,monsterenergy,https://www.instagram.com/monsterenergy/reel/DYAPNPoSQ4z/,2026-05-06,13000.0,53.0,"AIRTIME FOR DAYS 📏

#MonsterEnergy #MTB","#MTB, #MonsterEnergy"
Monster,monsterenergy,https://www.instagram.com/monsterenergy/p/DYC_cFGlE_P/,2026-05-07,8340.0,54.0,"Down days in AK 🤳

🏠 @TordrilloHeli

#MonsterEnergy #Snowboarding","#MonsterEnergy, #Snowboarding"
Monster,monsterenergy,https://www.instagram.com/monsterenergy/reel/DYFrDj6v8TG/,2026-05-08,107000.0,1401.0,"Ready to take his belt back 😤 @StricklandMMA

Watch Khamzat Chimaev vs. Sean Strickland for the Middleweight belt on Saturday at 6pm PT on @ParamountPlus.

#MonsterEnergy #UFC328","#MonsterEnergy, #UFC328"
Monster,monsterenergy,https://www.instagram.com/monsterenergy/p/DYJIcOyFH7I/,2026-05-09,26000.0,55.0,"THAT’S A WRAP 🏆 @SupercrossLIVE

@ChaseSexton takes the 450SX Main Event win with @Cole17Davies securing the 250SX East/West Showdown in Salt Lake City.

#MonsterEnergy #SupercrossLIVE #Supercross","#MonsterEnergy, #Supercross, #SupercrossLIVE"
Monster,monsterenergy,https://www.instagram.com/monsterenergy/reel/DYMzqVPSCgl/,2026-05-11,8021.0,19.0,"This start in Le Mans is worth the replay 😵‍💫 @MotoGP 

#MonsterEnergy #MotoGP #Motorsport","#MonsterEnergy, #MotoGP, #Motorsport"
Monster,monsterenergy,https://www.instagram.com/monsterenergy/reel/DYPitIIBE8q/,2026-05-12,4715.0,49.0,"The crew putting on a clinic 📈 

#MonsterEnergy #Skateboarding","#MonsterEnergy, #Skateboarding"
Monster,monsterenergy,https://www.instagram.com/druski/reel/DXpP3_6gjCL/,,,,,
Prime,drinkprime,https://www.instagram.com/drinkprime/reel/DNLhoKuNLuV/,2025-08-10,36000.0,337.0,Orange Kream 🍊 Only at @circlekstores 15 calories. 0 sugar. #DRINKPRIME #primefounder,"#DRINKPRIME, #primefounder"
Prime,drinkprime,https://www.instagram.com/ksi/p/DNTYljJsuQT/,2025-08-13,202000.0,3493.0,"Easily the coolest PRIME bottle we’ve done 
#PrimeFounder",#PrimeFounder
Prime,drinkprime,https://www.instagram.com/drinkprime/reel/DPXE6McjKYp/,2025-10-03,47000.0,514.0,"$1,000,000 secured. 🏆💰 #DRINKPRIME",#DRINKPRIME
Prime,drinkprime,https://www.instagram.com/drinkprime/p/DRKkjrLkf7c/,2025-11-17,93000.0,1167.0,"Snowball Slushy ❄️ Winter in a bottle. #DRINKPRIME 

#Electrolytes #ZeroAddedSugar #NoArtificialDyes","#DRINKPRIME, #Electrolytes, #NoArtificialDyes, #ZeroAddedSugar"
Prime,drinkprime,https://www.instagram.com/mdmotivator/reel/DRklkDSAHGd/,2025-11-27,396000.0,9016.0,"“I have 9 girls and 1 boy” 🥹❤️ @mdmotivator @bigsean @drinkprime 

None of this happens without partners who believe in real impact. @drinkprime made it possible for @bigsean and I to pour back into Detroit! ❤️",
Prime,drinkprime,https://www.instagram.com/mdmotivator/reel/DSvTlhyk_-o/,2025-12-26,204000.0,5915.0,"“I pray I can walk again” 🥹❤️ @mdmotivator @fchwpo 

Thank you @drinkprime for bringing real impact to Babson College and blessing Shayla’s beautiful family this holiday season. Be kind and love always ❤️",
Prime,drinkprime,https://www.instagram.com/drinkprime/reel/DTgLhMxktW3/,2026-01-14,156000.0,1860.0,"Our PROTEINLOCK™ process uses advanced filtration to concentrate milk’s natural protein and reduce sugar — creating ultra-filtered milk that’s smooth, delicious, and made to help you hit your protein goals. 

✅ 32g of protein 
✅ 3g of sugar
✅ 150 calories
✅ lactose free
✅ no carrageenan

Available now on @amazon @target @vitaminshoppe",
Prime,drinkprime,https://www.instagram.com/zackdfilms/reel/DTqe-zolcuZ/,2026-01-17,510000.0,6937.0,Why Some Milk Is Better Than Others 🤔 #sponsored #partnership,"#partnership, #sponsored"
Prime,drinkprime,https://www.instagram.com/drinkprime/reel/DTx8EQnjIBt/,2026-01-21,172000.0,2159.0,"Value your time? drink prime.
32g of protein per can.
Now available in store and online @vitaminshoppe",
Prime,drinkprime,https://www.instagram.com/drinkprime/reel/DT8Jya-jA2Y/,2026-01-25,41000.0,1532.0,"Protein, done better.

✅ 32g of protein 
✅ 3g of sugar
✅ 160 calories
✅ no carrageenan
✅ 0.5g fat 

All statements are comparing the products depicted in the video.",
Prime,drinkprime,https://www.instagram.com/drinkprime/p/DU6JXgTj_Pz/,2026-02-18,186000.0,1277.0,Make Pain Respect You. UNC & Haddy x PRIME. 💪 Workout drops Sunday.,
Prime,drinkprime,https://www.instagram.com/jessejameswest/reel/DVEV7IJkSAs/,2026-02-22,58000.0,927.0,"What are bros training for?? 

@drinkprime @loganpaul @jessejameswest",
Prime,drinkprime,https://www.instagram.com/loganpaul/reel/DWW3riCiYKj/,2026-03-26,24000.0,488.0,We’ve done it: 32g protein + 3g creatine. Ready when you are @drinkprime,
Prime,drinkprime,https://www.instagram.com/drinkprime/reel/DXKIKM5DCOr/,2026-04-15,32000.0,341.0,@ksi literally had one job 😭❌,
Prime,drinkprime,https://www.instagram.com/ksi/reel/DXZN82ljNDY/,2026-04-21,115000.0,399.0,Creators rating @drinkprime Protein out of 10!,
Reign,reignbodyfuel,https://www.instagram.com/reignbodyfuel/reel/DV6qAWwjxKo/,2026-03-15,12000.0,91.0,"Nothing worse than trying to lock in, and your best friend won’t shut up.

#REIGNBodyFuel #TotalBodyFuel #GymreapersWodapalooza","#GymreapersWodapalooza, #REIGNBodyFuel, #TotalBodyFuel"
Reign,reignbodyfuel,https://www.instagram.com/reignbodyfuel/reel/DV9vTisjwgw/,2026-03-16,577.0,17.0,"Our athletes went to work on the floor and brought the energy to Miami 🤝 

See you at the next @wodapalooza 🌴

#REIGNBodyFuel #TotalBodyFuel","#REIGNBodyFuel, #TotalBodyFuel, #WZAfuel"
Reign,reignbodyfuel,https://www.instagram.com/reignbodyfuel/reel/DWCTXwDDxgD/,2026-03-18,242.0,16.0,"Two weeks. 
Two iconic events. 
One team that REIGNS.

#REIGNBodyFuel #TotalBodyFuel","#REIGNBodyFuel, #TotalBodyFuel"
Reign,reignbodyfuel,https://www.instagram.com/reignbodyfuel/p/DWHKjtIj3eh/,2026-03-20,1076.0,94.0,"Which flavor are you choosing for your Friday workout? 🤔
 
#REIGNBodyFuel #TotalBodyFuel","#2026, #REIGNBodyFuel, #TotalBodyFuel, #TotalBodyMicrophoneFuel"
Reign,reignbodyfuel,https://www.instagram.com/reignbodyfuel/reel/DWUDax3hT46/,2026-03-24,120.0,3.0,"No shortcuts. No excuses. 

It’s only you vs you out there 💪
 
#REIGNBodyFuel #TotalBodyFuel","#REIGNBodyFuel, #TotalBodyFuel"
Reign,reignbodyfuel,https://www.instagram.com/reignbodyfuel/reel/DWZNCe5Dz6Y/,2026-03-27,592.0,9.0,"Once you FUEL 🆙, it’s time to put in that WORK 😤

#REIGNBodyFuel #TotalBodyFuel","#REIGNBodyFuel, #TotalBodyFuel"
Reign,reignbodyfuel,https://www.instagram.com/reignbodyfuel/p/DWrjP9PFHu3/,2026-04-03,324.0,3.0,"FUELING your arm days one 🍊 at a time
 
Who’s getting after the pump today?
 
#REIGNBodyFuel #TotalBodyFuel","#REIGNBodyFuel, #TotalBodyFuel"
Reign,reignbodyfuel,https://www.instagram.com/reignbodyfuel/reel/DW4HaBsj18O/,2026-04-08,2708.0,32.0,"Max Weight. Max Focus.
 
@anikhagreer is always pushing past her limits 😤

#REIGNBodyFuel #TotalBodyFuel","#REIGNBodyFuel, #TotalBodyFuel"
Reign,reignbodyfuel,https://www.instagram.com/reignbodyfuel/reel/DW9QlDdj1Bv/,2026-04-10,985.0,92.0,"Officially 2 months of Watermelon Sour Gummy 🍉
 
Who has this flavor in their number 1 spot now? 👀
 
#REIGNBodyFuel #TotalBodyFuel","#REIGNBodyFuel, #TotalBodyFuel"
Reign,reignbodyfuel,https://www.instagram.com/reignbodyfuel/reel/DXE-jD7hgAi/,2026-04-13,78.0,3.0,"Inside or outside the gym, the work stays the same 😤
 
#REIGNBodyFuel #TotalBodyFuel","#REIGNBodyFuel, #TotalBodyFuel"
Reign,reignbodyfuel,https://www.instagram.com/reignbodyfuel/reel/DXaFdipEtWW/,2026-04-21,931.0,9.0,"Grit in every moment. Glory in every milestone 👊
 
 
#REIGNBodyFuel #TotalBodyFuel","#REIGNBodyFuel, #TotalBodyFuel"
Reign,reignbodyfuel,https://www.instagram.com/reignbodyfuel/reel/DXhn-uED3rP/,2026-04-24,491.0,11.0,"Watermelon Sour Gummy → Putting in that WORK 😤

#REIGNBodyFuel #TotalBodyFuel","#REIGNBodyFuel, #TotalBodyFuel"
Reign,reignbodyfuel,https://www.instagram.com/reignbodyfuel/p/DXpByZVm0pN/,2026-04-27,201.0,7.0,"Built on discipline. Powered by focus. 

Drop a 🔥 if training season is every season.

#REIGNBodyFuel #TotalBodyFuel","#REIGNBodyFuel, #TotalBodyFuel"
Reign,reignbodyfuel,https://www.instagram.com/reignbodyfuel/p/DXzU6bvCU2n/,2026-05-01,247.0,10.0,"New month. Friday Workout. Perfect combo 😎

#REIGNBodyFuel #TotalBodyFuel","#REIGNBodyFuel, #TotalBodyFuel"
Reign,reignbodyfuel,https://www.instagram.com/reignbodyfuel/p/DYFiuTID4zf/,2026-05-08,1732.0,155.0,Is SOUR GUMMY WORM the most underrated flavor? 🤔,
Rockstar,rockstarenergy,https://www.instagram.com/rockstarenergy/reel/DW9UKUOABPj/,2026-04-10,5328.0,88.0,"@fredricaasbo 🤝 @chrisjoslin_ 

We threw 2025 Skater of the Year, Chris Joslin in a ride along with 3 time @formulad champion, Fredric Aasbø and the result is pure gold 🤣 We’re here in Long Beach for the kickoff of the 2026 Formula Drift szn, tune in! 💨",
Rockstar,rockstarenergy,https://www.instagram.com/rockstarenergy/reel/DW-GlB-D_sZ/,2026-04-10,521.0,11.0,"After 2 long years of contemplating one trick, @DennisEnarson and the crew finally made it happen & rode away with one of the gnarliest clips of his career. Join us behind the scenes of the Process, feating Dennis Enarson. Playing now at the link in bio 🎥",
Rockstar,rockstarenergy,https://www.instagram.com/rockstarenergy/p/DXA_EEflLRo/,2026-04-11,2972.0,36.0,"Massive congratulations to @fredricaasbo, who took home second place at the @formulad season opener in Long Beach 💨 Show Freddy some love in the comments ⬇️

#RockstarEnergy #LiveLoud","#LiveLoud, #RockstarEnergy"
Rockstar,rockstarenergy,https://www.instagram.com/rockstarenergy/p/DXFTJcXFOEA/,2026-04-13,1683.0,40.0,"@RockstarEnergy 🤝 @SickNewWorld   We are stoked to be partnering with Sick New World as the official energy drink. Next stop, Las Vegas! We’ll see you there on April 25th with a little surprise! 🤫🛹

#RockstarEnergy #LiveLoud","#LiveLoud, #RockstarEnergy"
Rockstar,rockstarenergy,https://www.instagram.com/husqvarnamotorcyclesusa/reel/DXJz8RFjd_h/,2026-04-15,1283.0,2.0,"Sights and sounds from Nashville, Rockstar Energy Husqvarna style. ✊🎶

#Husqvarna #GoRide #RideHusqvarna #Supercross #SMX","#GoRide, #Husqvarna, #RideHusqvarna, #SMX, #Supercross"
Rockstar,rockstarenergy,https://www.instagram.com/rockstarenergy/reel/DXNSYvWDFcf/,2026-04-16,7915.0,152.0,"Welcome to the team, @tyler_reddick ⚡️We are stoked to be joining forces with the two time NASCAR Xfinity Champion and @23xiracing. Buckle up, it’s about to get wild 🏁 

#RockstarEnergy #LiveLoud","#LiveLoud, #RockstarEnergy"
Rockstar,rockstarenergy,https://www.instagram.com/gob_invitational/reel/DXPQzDAiEir/,2026-04-17,3806.0,130.0,@chadkerley VS @matt1ray is live! This battle is unreal! Link in bio.,
Rockstar,rockstarenergy,https://www.instagram.com/rockstarenergy/p/DXPmYGLAN9A/,2026-04-17,6360.0,5315.0,"EDIT: Both winners have been chosen and contacted via DM, this giveaway is now closed. 

🎵 TICKET GIVEAWAY 🎵 @sicknewworld Las Vegas is just around the corner and we want to share the stoke by hooking a couple of you up with a pair of VIP tickets 🎫  We’re giving away 2 tickets to 2 separate winners!  Follow the 3 steps below to enter yourself and a homie, and you just might see us there!
 
1.)   Like this post
2.)   Follow us @RockstarEnergy
3.)   Tag the homie you want to bring
 

Giveaway ends on 04/23/26 at 1:00 PM EST. Must be 18+ and a US legal resident to enter. This giveaway is in no way affiliated with Instagram. Good luck!

Note: Winner will be contacted directly via the @RockstarEnergy Instagram account- No other accounts are represented by Rockstar Energy. Link in bio for official rules.   NO PURCHASE NECESSARY TO ENTER OR WIN. A PURCHASE DOES NOT INCREASE YOUR CHANCES OF WINNING. VOID ELSEWHERE AND WHEREVER PROHIBITED. Sponsor: Rockstar Energy

This Giveaway is in no way sponsored or administered by Sick New World Festival or Live Nation Worldwide, Inc.. All inquiries regarding the Giveaway should be directed to Rockstar.",
Rockstar,rockstarenergy,https://www.instagram.com/23xiracing/p/DXU_9r5gZ5j/,2026-04-19,2105.0,39.0,"Delivered a victory for @supplyhouse! 📦🏁

And it tastes so sweet! 🙂‍↕️",#5
Rockstar,rockstarenergy,https://www.instagram.com/rockstarenergy/reel/DXaBI0NDE7H/,2026-04-21,3878.0,72.0,"The goal was never to blend in. @tyler_reddick is pushing the limits of what’s possible and we’re hyped to be partnering with him and @23xiracing as they continue to break barriers. Stay tuned and follow along, it’s about to get loud! 

#RockstarEnergy #LiveLoud","#LiveLoud, #RockstarEnergy"
Rockstar,rockstarenergy,https://www.instagram.com/rockstarenergy/reel/DXfNxDODMnz/,2026-04-23,5074.0,89.0,"From race days as a grom to becoming a BMX icon, @chadkerley has put in the work and earned every bit of his success. Join us as we take a deeper look into his life, In Depth feat. Chad Kerley is playing now at the link in bio 🎥

#RockstarEnergy #InDepth","#InDepth, #RockstarEnergy"
Rockstar,rockstarenergy,https://www.instagram.com/rockstarenergy/reel/DX2EpGogx41/,2026-05-02,383.0,9.0,"We packed up with some of the Rockstar skate team and pointed the headlights to Las Vegas for @sicknewworld. After a couple backyard pit stops, the squad threw down a vert ramp session we won’t soon forget. Road to Sick New World is playing now at the link in bio! 🎥 

#rockstarenergy #sicknewworld #skateboarding","#rockstarenergy, #sicknewworld, #skateboarding"
Rockstar,rockstarenergy,https://www.instagram.com/rockstarenergy/p/DX4quYOFE4_/,2026-05-03,1520.0,19.0,"Let’s go racing! 🏁 We’re at @txmotorspeedway today with @tyler_reddick and @23xiracing! Tune in, it’s about to go down!",
Rockstar,rockstarenergy,https://www.instagram.com/rockstarenergy/reel/DYA-jgzA3Jy/,2026-05-06,670.0,10.0,"Morning stretches with @robadelberg 🧘‍♂️

#rockstarenergy #fmx #moto","#fmx, #moto, #rockstarenergy"
Rockstar,rockstarenergy,https://www.instagram.com/fredricaasbo/reel/DYE6Ze8xyV7/,2026-05-08,647.0,4.0,"#TeamToyota P6 qualifying in the @rockstarenergy GR Supra. We’re feeling good and know what we have to do to really dial in our driving on Saturday. Looking forward to our Top 32 battle with @rudyhansen119 💪🏼

🎥 @b.marchulaitis

#GAZOOPerformance
@gazooracingusa
@rockstarenergy
@drivekendausa
@eneosusa
@rsrusa
@otterbox 
@simagicofficial
@aemelectronics
@specialty_products_company
@petersonfluidsystems
@csf_radiators
@berktechnology
@cilajet
@nitrofillusa
@borgwarnerboosted
@_wisefab_","#GAZOOPerformance, #TeamToyota"
Zoa,zoaenergy,https://www.instagram.com/zoaenergy/p/DSlA92ajauh/,2025-12-22,112.0,9.0,We really aren’t asking for much this year 🎅👊💥 Find ZOA’s Holiday Punch near you at the link in bio.,
Zoa,zoaenergy,https://www.instagram.com/zoaenergy/p/DTI9OlqAdwz/,2026-01-05,162.0,12.0,Your New Year goals are about to get a power up 👀,
Zoa,zoaenergy,https://www.instagram.com/zoaenergy/p/DTLiBpWjqo1/,2026-01-06,213.0,21.0,Energy that moves with you 💪,#frostedgrape
Zoa,zoaenergy,https://www.instagram.com/zoaenergy/p/DTit5g3CU9-/,2026-01-15,278.0,18.0,"It’s official: we’re teaming up with @strava to celebrate every mile, rep and stretch.

Power your New Year with ZOA’s positive energy by logging a total of 160 minutes of activity now through February 26. If you complete the challenge, you'll be entered for a chance to win free ZOA Energy or a limited-edition ZOA x Strava Road Bike* 🚴💪

Think you’ve got what it takes? Join the challenge at the link in bio.

No Purch. Nec. Open to 50 US(DC), 18+. Ends 2/26/26. Only share w/ 18+.",
Zoa,zoaenergy,https://www.instagram.com/denirradoncic/reel/DTvjoEJjgzu/,2026-01-20,933.0,26.0,#ad ZOA is a better-for-you energy drink packed with electrolytes to keep you focused on your new year goals. #poweryournewyear #zoaenergy @zoaenergy,"#ad, #poweryournewyear, #zoaenergy"
Zoa,zoaenergy,https://www.instagram.com/zoaenergy/reel/DUEozZVARbr/,2026-01-28,141.0,12.0,New goals. New grind. Drop your next workout in the comments,#zoa
Zoa,zoaenergy,https://www.instagram.com/zoaenergy/p/DUi-q9_ASXo/,2026-02-09,253.0,12.0,Sunday Funday means Monday energy + electrolytes 🤪➡️⚡️ photo credit 📷: @_annabelbeach_,
Zoa,zoaenergy,https://www.instagram.com/zoaenergy/p/DUoZELlgekd/,2026-02-11,322.0,19.0,"This is what powering your new year looks like ⚡️
 
160 minutes in 6 weeks? You’ve got this. If you joined the ZOA x @strava challenge, you’ve got about 2 weeks to go. Keep crushing those workouts and logging your progress 💪 And if you haven’t already, join the challenge now at the link in bio.",
Zoa,zoaenergy,https://www.instagram.com/zoaenergy/p/DUtJrZODntp/,2026-02-13,227.0,18.0,Your gym bag isn’t packed without ZOA.,
Zoa,zoaenergy,https://www.instagram.com/zoaenergy/p/DWHS3aajqI2/,2026-03-20,282.0,25.0,🚨NEW DEAL ALARM🚨 Get ZOA for 25% off for a limited time on Amazon,
Zoa,zoaenergy,https://www.instagram.com/zoaenergy/p/DWZT56ZDhjp/,2026-03-27,143.0,15.0,What flavor are you fueling your day with? 💥,
Zoa,zoaenergy,https://www.instagram.com/zoaenergy/p/DXe2LIqjs-v/,2026-04-23,145.0,10.0,Big serves fueled by bigger energy 💪,
Zoa,zoaenergy,https://www.instagram.com/zoaenergy/reel/DXh-xiiD6F8/,2026-04-24,75.0,10.0,That’s gonna be a future me problem,
Zoa,zoaenergy,https://www.instagram.com/zoaenergy/reel/DX7JIWvOmz1/,2026-05-04,336.0,25.0,"It’s the kind of energy you can’t fake. With electrolytes and plant based caffeine, ZOA helps you find your flow state. And stay there.",
Zoa,zoaenergy,https://www.instagram.com/micjanee/reel/DTv6b7KEu6X/,,,,,"#18, #ad"
