brand,article,month,views
5-hour Energy,5-hour Energy,2025-07,9875
5-hour Energy,5-hour Energy,2025-08,14064
5-hour Energy,5-hour Energy,2025-09,19755
5-hour Energy,5-hour Energy,2025-10,24171
5-hour Energy,5-hour Energy,2025-11,21105
5-hour Energy,5-hour Energy,2025-12,14143
5-hour Energy,5-hour Energy,2026-01,9147
5-hour Energy,5-hour Energy,2026-02,10934
5-hour Energy,5-hour Energy,2026-03,11410
5-hour Energy,5-hour Energy,2026-04,13760
5-hour Energy,5-hour Energy,2026-05,15583
5-hour Energy,5-hour Energy,2026-06,16258
Alani Nu,Alani Nu,2025-07,20610
Alani Nu,Alani Nu,2025-08,20833
Alani Nu,Alani Nu,2025-09,40136
Alani Nu,Alani Nu,2025-10,32603
Alani Nu,Alani Nu,2025-11,29809
Alani Nu,Alani Nu,2025-12,33503
Alani Nu,Alani Nu,2026-01,35923
Alani Nu,Alani Nu,2026-02,39684
Alani Nu,Alani Nu,2026-03,50096
Alani Nu,Alani Nu,2026-04,42458
Alani Nu,Alani Nu,2026-05,41997
Alani Nu,Alani Nu,2026-06,23763
Bang,Bang Energy,2025-07,24165
Bang,Bang Energy,2025-08,35364
Bang,Bang Energy,2025-09,60214
Bang,Bang Energy,2025-10,42842
Bang,Bang Energy,2025-11,35057
Bang,Bang Energy,2025-12,26092
Bang,Bang Energy,2026-01,44649
Bang,Bang Energy,2026-02,36506
Bang,Bang Energy,2026-03,21880
Bang,Bang Energy,2026-04,21826
Bang,Bang Energy,2026-05,49150
Bang,Bang Energy,2026-06,52810
C4,Cellucor,2025-07,20182
C4,Cellucor,2025-08,12849
C4,Cellucor,2025-09,27584
C4,Cellucor,2025-10,12667
C4,Cellucor,2025-11,28341
C4,Cellucor,2025-12,16206
C4,Cellucor,2026-01,17680
C4,Cellucor,2026-02,22106
C4,Cellucor,2026-03,26583
C4,Cellucor,2026-04,21655
C4,Cellucor,2026-05,19944
C4,Cellucor,2026-06,19992
Celsius,Celsius (drink),2025-07,62360
Celsius,Celsius (drink),2025-08,66964
Celsius,Celsius (drink),2025-09,61418
Celsius,Celsius (drink),2025-10,32548
Celsius,Celsius (drink),2025-11,52368
Celsius,Celsius (drink),2025-12,38405
Celsius,Celsius (drink),2026-01,57742
Celsius,Celsius (drink),2026-02,50883
Celsius,Celsius (drink),2026-03,88122
Celsius,Celsius (drink),2026-04,86442
Celsius,Celsius (drink),2026-05,71143
Celsius,Celsius (drink),2026-06,69105
G Fuel,Gamma Labs,2025-07,17913
G Fuel,Gamma Labs,2025-08,27040
G Fuel,Gamma Labs,2025-09,34446
G Fuel,Gamma Labs,2025-10,25236
G Fuel,Gamma Labs,2025-11,17024
G Fuel,Gamma Labs,2025-12,12901
G Fuel,Gamma Labs,2026-01,22942
G Fuel,Gamma Labs,2026-02,23967
G Fuel,Gamma Labs,2026-03,28575
G Fuel,Gamma Labs,2026-04,29825
G Fuel,Gamma Labs,2026-05,20596
G Fuel,Gamma Labs,2026-06,30926
Ghost,Ghost (lifestyle brand),2025-07,25383
Ghost,Ghost (lifestyle brand),2025-08,36681
Ghost,Ghost (lifestyle brand),2025-09,41057
Ghost,Ghost (lifestyle brand),2025-10,23624
Ghost,Ghost (lifestyle brand),2025-11,32183
Ghost,Ghost (lifestyle brand),2025-12,31422
Ghost,Ghost (lifestyle brand),2026-01,31223
Ghost,Ghost (lifestyle brand),2026-02,24073
Ghost,Ghost (lifestyle brand),2026-03,34262
Ghost,Ghost (lifestyle brand),2026-04,38012
Ghost,Ghost (lifestyle brand),2026-05,33228
Ghost,Ghost (lifestyle brand),2026-06,46114
Liquid Death,Liquid Death,2025-07,26511
Liquid Death,Liquid Death,2025-08,26044
Liquid Death,Liquid Death,2025-09,22003
Liquid Death,Liquid Death,2025-10,22915
Liquid Death,Liquid Death,2025-11,32359
Liquid Death,Liquid Death,2025-12,21132
Liquid Death,Liquid Death,2026-01,18939
Liquid Death,Liquid Death,2026-02,31464
Liquid Death,Liquid Death,2026-03,20728
Liquid Death,Liquid Death,2026-04,22315
Liquid Death,Liquid Death,2026-05,22599
Liquid Death,Liquid Death,2026-06,25398
Liquid I.V.,Liquid I.V.,2025-07,18463
Liquid I.V.,Liquid I.V.,2025-08,15940
Liquid I.V.,Liquid I.V.,2025-09,17599
Liquid I.V.,Liquid I.V.,2025-10,10318
Liquid I.V.,Liquid I.V.,2025-11,13286
Liquid I.V.,Liquid I.V.,2025-12,19674
Liquid I.V.,Liquid I.V.,2026-01,10516
Liquid I.V.,Liquid I.V.,2026-02,10779
Liquid I.V.,Liquid I.V.,2026-03,19460
Liquid I.V.,Liquid I.V.,2026-04,20010
Liquid I.V.,Liquid I.V.,2026-05,17160
Liquid I.V.,Liquid I.V.,2026-06,16266
Monster,Monster Energy,2025-07,101765
Monster,Monster Energy,2025-08,84559
Monster,Monster Energy,2025-09,83773
Monster,Monster Energy,2025-10,90671
Monster,Monster Energy,2025-11,122648
Monster,Monster Energy,2025-12,104452
Monster,Monster Energy,2026-01,67355
Monster,Monster Energy,2026-02,91782
Monster,Monster Energy,2026-03,89192
Monster,Monster Energy,2026-04,119337
Monster,Monster Energy,2026-05,76482
Monster,Monster Energy,2026-06,72259
NOS,NOS (drink),2025-07,16040
NOS,NOS (drink),2025-08,8145
NOS,NOS (drink),2025-09,6830
NOS,NOS (drink),2025-10,18336
NOS,NOS (drink),2025-11,7295
NOS,NOS (drink),2025-12,17942
NOS,NOS (drink),2026-01,14565
NOS,NOS (drink),2026-02,15716
NOS,NOS (drink),2026-03,8996
NOS,NOS (drink),2026-04,16732
NOS,NOS (drink),2026-05,9716
NOS,NOS (drink),2026-06,13381
Prime,Prime (drink),2025-07,45139
Prime,Prime (drink),2025-08,35639
Prime,Prime (drink),2025-09,72592
Prime,Prime (drink),2025-10,43248
Prime,Prime (drink),2025-11,32219
Prime,Prime (drink),2025-12,82203
Prime,Prime (drink),2026-01,42451
Prime,Prime (drink),2026-02,42870
Prime,Prime (drink),2026-03,35111
Prime,Prime (drink),2026-04,48572
Prime,Prime (drink),2026-05,56885
Prime,Prime (drink),2026-06,69099
Red Bull,Red Bull,2025-07,57372
Red Bull,Red Bull,2025-08,131806
Red Bull,Red Bull,2025-09,133011
Red Bull,Red Bull,2025-10,59214
Red Bull,Red Bull,2025-11,103760
Red Bull,Red Bull,2025-12,124258
Red Bull,Red Bull,2026-01,87812
Red Bull,Red Bull,2026-02,103548
Red Bull,Red Bull,2026-03,113031
Red Bull,Red Bull,2026-04,70852
Red Bull,Red Bull,2026-05,70687
Red Bull,Red Bull,2026-06,50324
Reign,Reign (drink),2025-07,31971
Reign,Reign (drink),2025-08,29037
Reign,Reign (drink),2025-09,18451
Reign,Reign (drink),2025-10,31214
Reign,Reign (drink),2025-11,34028
Reign,Reign (drink),2025-12,13539
Reign,Reign (drink),2026-01,35821
Reign,Reign (drink),2026-02,23130
Reign,Reign (drink),2026-03,33707
Reign,Reign (drink),2026-04,36134
Reign,Reign (drink),2026-05,13515
Reign,Reign (drink),2026-06,33672
Rockstar,Rockstar (drink),2025-07,34774
Rockstar,Rockstar (drink),2025-08,18530
Rockstar,Rockstar (drink),2025-09,33723
Rockstar,Rockstar (drink),2025-10,37051
Rockstar,Rockstar (drink),2025-11,21315
Rockstar,Rockstar (drink),2025-12,14511
Rockstar,Rockstar (drink),2026-01,21556
Rockstar,Rockstar (drink),2026-02,29775
Rockstar,Rockstar (drink),2026-03,38568
Rockstar,Rockstar (drink),2026-04,22546
Rockstar,Rockstar (drink),2026-05,25767
Rockstar,Rockstar (drink),2026-06,30815
Zoa,Zoa (drink),2025-07,14750
Zoa,Zoa (drink),2025-08,20005
Zoa,Zoa (drink),2025-09,9132
Zoa,Zoa (drink),2025-10,14460
Zoa,Zoa (drink),2025-11,11128
Zoa,Zoa (drink),2025-12,18846
Zoa,Zoa (drink),2026-01,11961
Zoa,Zoa (drink),2026-02,17728
Zoa,Zoa (drink),2026-03,16535
Zoa,Zoa (drink),2026-04,17547
Zoa,Zoa (drink),2026-05,7402
Zoa,Zoa (drink),2026-06,12054
