family,month,mentions_12m,videos_12m,soc_share
Watermelon,2019-12,0,151,0.0
Coffee & cream,2019-12,19,151,0.129252
Sour & candy,2019-12,16,151,0.108844
Cola & soda,2019-12,10,151,0.068027
Berry,2019-12,18,151,0.122449
Tropical,2019-12,12,151,0.081633
Citrus,2019-12,16,151,0.108844
Grape,2019-12,5,151,0.034014
Apple & pear,2019-12,14,151,0.095238
Peach & stone fruit,2019-12,11,151,0.07483
Tea & botanical,2019-12,16,151,0.108844
Punch & mixed fruit,2019-12,10,151,0.068027
Watermelon,2020-01,0,157,0.0
Coffee & cream,2020-01,19,157,0.11875
Sour & candy,2020-01,16,157,0.1
Cola & soda,2020-01,12,157,0.075
Berry,2020-01,22,157,0.1375
Tropical,2020-01,15,157,0.09375
Citrus,2020-01,18,157,0.1125
Grape,2020-01,5,157,0.03125
Apple & pear,2020-01,16,157,0.1
Peach & stone fruit,2020-01,11,157,0.06875
Tea & botanical,2020-01,16,157,0.1
Punch & mixed fruit,2020-01,10,157,0.0625
Watermelon,2020-02,0,162,0.0
Coffee & cream,2020-02,18,162,0.108434
Sour & candy,2020-02,16,162,0.096386
Cola & soda,2020-02,13,162,0.078313
Berry,2020-02,24,162,0.144578
Tropical,2020-02,15,162,0.090361
Citrus,2020-02,19,162,0.114458
Grape,2020-02,6,162,0.036145
Apple & pear,2020-02,18,162,0.108434
Peach & stone fruit,2020-02,11,162,0.066265
Tea & botanical,2020-02,15,162,0.090361
Punch & mixed fruit,2020-02,11,162,0.066265
Watermelon,2020-03,1,168,0.006061
Coffee & cream,2020-03,19,168,0.115152
Sour & candy,2020-03,15,168,0.090909
Cola & soda,2020-03,13,168,0.078788
Berry,2020-03,25,168,0.151515
Tropical,2020-03,14,168,0.084848
Citrus,2020-03,21,168,0.127273
Grape,2020-03,6,168,0.036364
Apple & pear,2020-03,16,168,0.09697
Peach & stone fruit,2020-03,10,168,0.060606
Tea & botanical,2020-03,15,168,0.090909
Punch & mixed fruit,2020-03,10,168,0.060606
Watermelon,2020-04,1,160,0.006849
Coffee & cream,2020-04,21,160,0.143836
Sour & candy,2020-04,12,160,0.082192
Cola & soda,2020-04,12,160,0.082192
Berry,2020-04,22,160,0.150685
Tropical,2020-04,14,160,0.09589
Citrus,2020-04,19,160,0.130137
Grape,2020-04,5,160,0.034247
Apple & pear,2020-04,12,160,0.082192
Peach & stone fruit,2020-04,6,160,0.041096
Tea & botanical,2020-04,12,160,0.082192
Punch & mixed fruit,2020-04,10,160,0.068493
Watermelon,2020-05,2,161,0.012821
Coffee & cream,2020-05,24,161,0.153846
Sour & candy,2020-05,14,161,0.089744
Cola & soda,2020-05,12,161,0.076923
Berry,2020-05,23,161,0.147436
Tropical,2020-05,14,161,0.089744
Citrus,2020-05,21,161,0.134615
Grape,2020-05,4,161,0.025641
Apple & pear,2020-05,13,161,0.083333
Peach & stone fruit,2020-05,7,161,0.044872
Tea & botanical,2020-05,12,161,0.076923
Punch & mixed fruit,2020-05,10,161,0.064103
Watermelon,2020-06,2,166,0.013245
Coffee & cream,2020-06,24,166,0.15894
Sour & candy,2020-06,13,166,0.086093
Cola & soda,2020-06,11,166,0.072848
Berry,2020-06,23,166,0.152318
Tropical,2020-06,13,166,0.086093
Citrus,2020-06,20,166,0.13245
Grape,2020-06,3,166,0.019868
Apple & pear,2020-06,12,166,0.07947
Peach & stone fruit,2020-06,5,166,0.033113
Tea & botanical,2020-06,16,166,0.10596
Punch & mixed fruit,2020-06,9,166,0.059603
Watermelon,2020-07,2,167,0.012987
Coffee & cream,2020-07,28,167,0.181818
Sour & candy,2020-07,12,167,0.077922
Cola & soda,2020-07,9,167,0.058442
Berry,2020-07,24,167,0.155844
Tropical,2020-07,15,167,0.097403
Citrus,2020-07,21,167,0.136364
Grape,2020-07,3,167,0.019481
Apple & pear,2020-07,11,167,0.071429
Peach & stone fruit,2020-07,6,167,0.038961
Tea & botanical,2020-07,18,167,0.116883
Punch & mixed fruit,2020-07,5,167,0.032468
Watermelon,2020-08,2,167,0.013072
Coffee & cream,2020-08,29,167,0.189542
Sour & candy,2020-08,11,167,0.071895
Cola & soda,2020-08,9,167,0.058824
Berry,2020-08,23,167,0.150327
Tropical,2020-08,16,167,0.104575
Citrus,2020-08,21,167,0.137255
Grape,2020-08,2,167,0.013072
Apple & pear,2020-08,11,167,0.071895
Peach & stone fruit,2020-08,7,167,0.045752
Tea & botanical,2020-08,18,167,0.117647
Punch & mixed fruit,2020-08,4,167,0.026144
Watermelon,2020-09,4,182,0.02139
Coffee & cream,2020-09,33,182,0.176471
Sour & candy,2020-09,17,182,0.090909
Cola & soda,2020-09,11,182,0.058824
Berry,2020-09,26,182,0.139037
Tropical,2020-09,21,182,0.112299
Citrus,2020-09,25,182,0.13369
Grape,2020-09,2,182,0.010695
Apple & pear,2020-09,14,182,0.074866
Peach & stone fruit,2020-09,8,182,0.042781
Tea & botanical,2020-09,22,182,0.117647
Punch & mixed fruit,2020-09,4,182,0.02139
Watermelon,2020-10,4,178,0.021505
Coffee & cream,2020-10,34,178,0.182796
Sour & candy,2020-10,18,178,0.096774
Cola & soda,2020-10,10,178,0.053763
Berry,2020-10,26,178,0.139785
Tropical,2020-10,22,178,0.11828
Citrus,2020-10,22,178,0.11828
Grape,2020-10,2,178,0.010753
Apple & pear,2020-10,13,178,0.069892
Peach & stone fruit,2020-10,9,178,0.048387
Tea & botanical,2020-10,22,178,0.11828
Punch & mixed fruit,2020-10,4,178,0.021505
Watermelon,2020-11,5,186,0.026178
Coffee & cream,2020-11,37,186,0.193717
Sour & candy,2020-11,17,186,0.089005
Cola & soda,2020-11,13,186,0.068063
Berry,2020-11,24,186,0.125654
Tropical,2020-11,21,186,0.109948
Citrus,2020-11,22,186,0.115183
Grape,2020-11,2,186,0.010471
Apple & pear,2020-11,14,186,0.073298
Peach & stone fruit,2020-11,8,186,0.041885
Tea & botanical,2020-11,25,186,0.13089
Punch & mixed fruit,2020-11,3,186,0.015707
Watermelon,2020-12,6,193,0.03125
Coffee & cream,2020-12,36,193,0.1875
Sour & candy,2020-12,18,193,0.09375
Cola & soda,2020-12,12,193,0.0625
Berry,2020-12,25,193,0.130208
Tropical,2020-12,20,193,0.104167
Citrus,2020-12,22,193,0.114583
Grape,2020-12,2,193,0.010417
Apple & pear,2020-12,15,193,0.078125
Peach & stone fruit,2020-12,8,193,0.041667
Tea & botanical,2020-12,25,193,0.130208
Punch & mixed fruit,2020-12,3,193,0.015625
Watermelon,2021-01,7,195,0.036842
Coffee & cream,2021-01,36,195,0.189474
Sour & candy,2021-01,19,195,0.1
Cola & soda,2021-01,9,195,0.047368
Berry,2021-01,23,195,0.121053
Tropical,2021-01,19,195,0.1
Citrus,2021-01,21,195,0.110526
Grape,2021-01,1,195,0.005263
Apple & pear,2021-01,17,195,0.089474
Peach & stone fruit,2021-01,8,195,0.042105
Tea & botanical,2021-01,27,195,0.142105
Punch & mixed fruit,2021-01,3,195,0.015789
Watermelon,2021-02,9,203,0.04712
Coffee & cream,2021-02,37,203,0.193717
Sour & candy,2021-02,19,203,0.099476
Cola & soda,2021-02,7,203,0.036649
Berry,2021-02,22,203,0.115183
Tropical,2021-02,20,203,0.104712
Citrus,2021-02,21,203,0.109948
Grape,2021-02,1,203,0.005236
Apple & pear,2021-02,16,203,0.08377
Peach & stone fruit,2021-02,8,203,0.041885
Tea & botanical,2021-02,29,203,0.151832
Punch & mixed fruit,2021-02,2,203,0.010471
Watermelon,2021-03,10,210,0.047619
Coffee & cream,2021-03,39,210,0.185714
Sour & candy,2021-03,22,210,0.104762
Cola & soda,2021-03,11,210,0.052381
Berry,2021-03,24,210,0.114286
Tropical,2021-03,24,210,0.114286
Citrus,2021-03,22,210,0.104762
Grape,2021-03,1,210,0.004762
Apple & pear,2021-03,18,210,0.085714
Peach & stone fruit,2021-03,9,210,0.042857
Tea & botanical,2021-03,28,210,0.133333
Punch & mixed fruit,2021-03,2,210,0.009524
Watermelon,2021-04,11,223,0.04955
Coffee & cream,2021-04,38,223,0.171171
Sour & candy,2021-04,22,223,0.099099
Cola & soda,2021-04,11,223,0.04955
Berry,2021-04,28,223,0.126126
Tropical,2021-04,28,223,0.126126
Citrus,2021-04,23,223,0.103604
Grape,2021-04,1,223,0.004505
Apple & pear,2021-04,18,223,0.081081
Peach & stone fruit,2021-04,9,223,0.040541
Tea & botanical,2021-04,31,223,0.13964
Punch & mixed fruit,2021-04,2,223,0.009009
Watermelon,2021-05,10,228,0.044444
Coffee & cream,2021-05,41,228,0.182222
Sour & candy,2021-05,21,228,0.093333
Cola & soda,2021-05,11,228,0.048889
Berry,2021-05,28,228,0.124444
Tropical,2021-05,28,228,0.124444
Citrus,2021-05,21,228,0.093333
Grape,2021-05,2,228,0.008889
Apple & pear,2021-05,18,228,0.08
Peach & stone fruit,2021-05,7,228,0.031111
Tea & botanical,2021-05,34,228,0.151111
Punch & mixed fruit,2021-05,4,228,0.017778
Watermelon,2021-06,10,227,0.045455
Coffee & cream,2021-06,42,227,0.190909
Sour & candy,2021-06,20,227,0.090909
Cola & soda,2021-06,11,227,0.05
Berry,2021-06,25,227,0.113636
Tropical,2021-06,28,227,0.127273
Citrus,2021-06,21,227,0.095455
Grape,2021-06,3,227,0.013636
Apple & pear,2021-06,21,227,0.095455
Peach & stone fruit,2021-06,6,227,0.027273
Tea & botanical,2021-06,29,227,0.131818
Punch & mixed fruit,2021-06,4,227,0.018182
Watermelon,2021-07,13,227,0.056034
Coffee & cream,2021-07,38,227,0.163793
Sour & candy,2021-07,21,227,0.090517
Cola & soda,2021-07,13,227,0.056034
Berry,2021-07,29,227,0.125
Tropical,2021-07,30,227,0.12931
Citrus,2021-07,24,227,0.103448
Grape,2021-07,3,227,0.012931
Apple & pear,2021-07,23,227,0.099138
Peach & stone fruit,2021-07,5,227,0.021552
Tea & botanical,2021-07,28,227,0.12069
Punch & mixed fruit,2021-07,5,227,0.021552
Watermelon,2021-08,15,235,0.063025
Coffee & cream,2021-08,38,235,0.159664
Sour & candy,2021-08,21,235,0.088235
Cola & soda,2021-08,13,235,0.054622
Berry,2021-08,30,235,0.12605
Tropical,2021-08,29,235,0.121849
Citrus,2021-08,25,235,0.105042
Grape,2021-08,3,235,0.012605
Apple & pear,2021-08,23,235,0.096639
Peach & stone fruit,2021-08,5,235,0.021008
Tea & botanical,2021-08,30,235,0.12605
Punch & mixed fruit,2021-08,6,235,0.02521
Watermelon,2021-09,14,232,0.063927
Coffee & cream,2021-09,36,232,0.164384
Sour & candy,2021-09,16,232,0.073059
Cola & soda,2021-09,12,232,0.054795
Berry,2021-09,28,232,0.127854
Tropical,2021-09,24,232,0.109589
Citrus,2021-09,23,232,0.105023
Grape,2021-09,3,232,0.013699
Apple & pear,2021-09,22,232,0.100457
Peach & stone fruit,2021-09,6,232,0.027397
Tea & botanical,2021-09,29,232,0.13242
Punch & mixed fruit,2021-09,6,232,0.027397
Watermelon,2021-10,14,236,0.063927
Coffee & cream,2021-10,34,236,0.155251
Sour & candy,2021-10,15,236,0.068493
Cola & soda,2021-10,13,236,0.059361
Berry,2021-10,27,236,0.123288
Tropical,2021-10,22,236,0.100457
Citrus,2021-10,25,236,0.114155
Grape,2021-10,3,236,0.013699
Apple & pear,2021-10,22,236,0.100457
Peach & stone fruit,2021-10,5,236,0.022831
Tea & botanical,2021-10,32,236,0.146119
Punch & mixed fruit,2021-10,7,236,0.031963
Watermelon,2021-11,13,226,0.0625
Coffee & cream,2021-11,32,226,0.153846
Sour & candy,2021-11,15,226,0.072115
Cola & soda,2021-11,10,226,0.048077
Berry,2021-11,27,226,0.129808
Tropical,2021-11,22,226,0.105769
Citrus,2021-11,23,226,0.110577
Grape,2021-11,3,226,0.014423
Apple & pear,2021-11,21,226,0.100962
Peach & stone fruit,2021-11,5,226,0.024038
Tea & botanical,2021-11,30,226,0.144231
Punch & mixed fruit,2021-11,7,226,0.033654
Watermelon,2021-12,12,223,0.060302
Coffee & cream,2021-12,30,223,0.150754
Sour & candy,2021-12,13,223,0.065327
Cola & soda,2021-12,10,223,0.050251
Berry,2021-12,26,223,0.130653
Tropical,2021-12,22,223,0.110553
Citrus,2021-12,22,223,0.110553
Grape,2021-12,3,223,0.015075
Apple & pear,2021-12,20,223,0.100503
Peach & stone fruit,2021-12,4,223,0.020101
Tea & botanical,2021-12,30,223,0.150754
Punch & mixed fruit,2021-12,7,223,0.035176
Watermelon,2022-01,12,227,0.059406
Coffee & cream,2022-01,32,227,0.158416
Sour & candy,2022-01,15,227,0.074257
Cola & soda,2022-01,10,227,0.049505
Berry,2022-01,27,227,0.133663
Tropical,2022-01,22,227,0.108911
Citrus,2022-01,25,227,0.123762
Grape,2022-01,3,227,0.014851
Apple & pear,2022-01,16,227,0.079208
Peach & stone fruit,2022-01,4,227,0.019802
Tea & botanical,2022-01,29,227,0.143564
Punch & mixed fruit,2022-01,7,227,0.034653
Watermelon,2022-02,16,234,0.073059
Coffee & cream,2022-02,34,234,0.155251
Sour & candy,2022-02,17,234,0.077626
Cola & soda,2022-02,12,234,0.054795
Berry,2022-02,31,234,0.141553
Tropical,2022-02,22,234,0.100457
Citrus,2022-02,27,234,0.123288
Grape,2022-02,2,234,0.009132
Apple & pear,2022-02,17,234,0.077626
Peach & stone fruit,2022-02,4,234,0.018265
Tea & botanical,2022-02,30,234,0.136986
Punch & mixed fruit,2022-02,7,234,0.031963
Watermelon,2022-03,15,229,0.070755
Coffee & cream,2022-03,34,229,0.160377
Sour & candy,2022-03,13,229,0.061321
Cola & soda,2022-03,9,229,0.042453
Berry,2022-03,27,229,0.127358
Tropical,2022-03,20,229,0.09434
Citrus,2022-03,25,229,0.117925
Grape,2022-03,3,229,0.014151
Apple & pear,2022-03,19,229,0.089623
Peach & stone fruit,2022-03,4,229,0.018868
Tea & botanical,2022-03,32,229,0.150943
Punch & mixed fruit,2022-03,11,229,0.051887
Watermelon,2022-04,16,224,0.082051
Coffee & cream,2022-04,32,224,0.164103
Sour & candy,2022-04,11,224,0.05641
Cola & soda,2022-04,9,224,0.046154
Berry,2022-04,25,224,0.128205
Tropical,2022-04,14,224,0.071795
Citrus,2022-04,23,224,0.117949
Grape,2022-04,3,224,0.015385
Apple & pear,2022-04,17,224,0.087179
Peach & stone fruit,2022-04,5,224,0.025641
Tea & botanical,2022-04,28,224,0.14359
Punch & mixed fruit,2022-04,12,224,0.061538
Watermelon,2022-05,18,228,0.090452
Coffee & cream,2022-05,30,228,0.150754
Sour & candy,2022-05,13,228,0.065327
Cola & soda,2022-05,8,228,0.040201
Berry,2022-05,30,228,0.150754
Tropical,2022-05,13,228,0.065327
Citrus,2022-05,26,228,0.130653
Grape,2022-05,3,228,0.015075
Apple & pear,2022-05,19,228,0.095477
Peach & stone fruit,2022-05,5,228,0.025126
Tea & botanical,2022-05,24,228,0.120603
Punch & mixed fruit,2022-05,10,228,0.050251
Watermelon,2022-06,19,226,0.092233
Coffee & cream,2022-06,32,226,0.15534
Sour & candy,2022-06,15,226,0.072816
Cola & soda,2022-06,9,226,0.043689
Berry,2022-06,30,226,0.145631
Tropical,2022-06,13,226,0.063107
Citrus,2022-06,25,226,0.121359
Grape,2022-06,3,226,0.014563
Apple & pear,2022-06,17,226,0.082524
Peach & stone fruit,2022-06,5,226,0.024272
Tea & botanical,2022-06,29,226,0.140777
Punch & mixed fruit,2022-06,9,226,0.043689
Watermelon,2022-07,18,225,0.090909
Coffee & cream,2022-07,32,225,0.161616
Sour & candy,2022-07,16,225,0.080808
Cola & soda,2022-07,7,225,0.035354
Berry,2022-07,28,225,0.141414
Tropical,2022-07,10,225,0.050505
Citrus,2022-07,23,225,0.116162
Grape,2022-07,4,225,0.020202
Apple & pear,2022-07,17,225,0.085859
Peach & stone fruit,2022-07,5,225,0.025253
Tea & botanical,2022-07,29,225,0.146465
Punch & mixed fruit,2022-07,9,225,0.045455
Watermelon,2022-08,18,226,0.084507
Coffee & cream,2022-08,35,226,0.164319
Sour & candy,2022-08,18,226,0.084507
Cola & soda,2022-08,9,226,0.042254
Berry,2022-08,30,226,0.140845
Tropical,2022-08,11,226,0.051643
Citrus,2022-08,23,226,0.107981
Grape,2022-08,4,226,0.018779
Apple & pear,2022-08,21,226,0.098592
Peach & stone fruit,2022-08,5,226,0.023474
Tea & botanical,2022-08,31,226,0.14554
Punch & mixed fruit,2022-08,8,226,0.037559
Watermelon,2022-09,17,229,0.082524
Coffee & cream,2022-09,33,229,0.160194
Sour & candy,2022-09,17,229,0.082524
Cola & soda,2022-09,8,229,0.038835
Berry,2022-09,32,229,0.15534
Tropical,2022-09,13,229,0.063107
Citrus,2022-09,21,229,0.101942
Grape,2022-09,4,229,0.019417
Apple & pear,2022-09,20,229,0.097087
Peach & stone fruit,2022-09,4,229,0.019417
Tea & botanical,2022-09,29,229,0.140777
Punch & mixed fruit,2022-09,8,229,0.038835
Watermelon,2022-10,17,243,0.082126
Coffee & cream,2022-10,36,243,0.173913
Sour & candy,2022-10,18,243,0.086957
Cola & soda,2022-10,7,243,0.033816
Berry,2022-10,32,243,0.154589
Tropical,2022-10,14,243,0.067633
Citrus,2022-10,20,243,0.096618
Grape,2022-10,4,243,0.019324
Apple & pear,2022-10,20,243,0.096618
Peach & stone fruit,2022-10,5,243,0.024155
Tea & botanical,2022-10,27,243,0.130435
Punch & mixed fruit,2022-10,7,243,0.033816
Watermelon,2022-11,18,250,0.084507
Coffee & cream,2022-11,37,250,0.173709
Sour & candy,2022-11,17,250,0.079812
Cola & soda,2022-11,8,250,0.037559
Berry,2022-11,31,250,0.14554
Tropical,2022-11,15,250,0.070423
Citrus,2022-11,22,250,0.103286
Grape,2022-11,5,250,0.023474
Apple & pear,2022-11,20,250,0.093897
Peach & stone fruit,2022-11,5,250,0.023474
Tea & botanical,2022-11,28,250,0.131455
Punch & mixed fruit,2022-11,7,250,0.032864
Watermelon,2022-12,19,262,0.084821
Coffee & cream,2022-12,40,262,0.178571
Sour & candy,2022-12,17,262,0.075893
Cola & soda,2022-12,8,262,0.035714
Berry,2022-12,32,262,0.142857
Tropical,2022-12,17,262,0.075893
Citrus,2022-12,22,262,0.098214
Grape,2022-12,5,262,0.022321
Apple & pear,2022-12,22,262,0.098214
Peach & stone fruit,2022-12,5,262,0.022321
Tea & botanical,2022-12,31,262,0.138393
Punch & mixed fruit,2022-12,6,262,0.026786
Watermelon,2023-01,21,283,0.088235
Coffee & cream,2023-01,40,283,0.168067
Sour & candy,2023-01,15,283,0.063025
Cola & soda,2023-01,8,283,0.033613
Berry,2023-01,37,283,0.155462
Tropical,2023-01,19,283,0.079832
Citrus,2023-01,22,283,0.092437
Grape,2023-01,5,283,0.021008
Apple & pear,2023-01,23,283,0.096639
Peach & stone fruit,2023-01,8,283,0.033613
Tea & botanical,2023-01,32,283,0.134454
Punch & mixed fruit,2023-01,8,283,0.033613
Watermelon,2023-02,17,283,0.074236
Coffee & cream,2023-02,35,283,0.152838
Sour & candy,2023-02,13,283,0.056769
Cola & soda,2023-02,7,283,0.030568
Berry,2023-02,38,283,0.165939
Tropical,2023-02,21,283,0.091703
Citrus,2023-02,20,283,0.087336
Grape,2023-02,5,283,0.021834
Apple & pear,2023-02,23,283,0.100437
Peach & stone fruit,2023-02,10,283,0.043668
Tea & botanical,2023-02,31,283,0.135371
Punch & mixed fruit,2023-02,9,283,0.039301
Watermelon,2023-03,17,299,0.072961
Coffee & cream,2023-03,32,299,0.137339
Sour & candy,2023-03,16,299,0.06867
Cola & soda,2023-03,7,299,0.030043
Berry,2023-03,42,299,0.180258
Tropical,2023-03,22,299,0.094421
Citrus,2023-03,23,299,0.098712
Grape,2023-03,5,299,0.021459
Apple & pear,2023-03,24,299,0.103004
Peach & stone fruit,2023-03,10,299,0.042918
Tea & botanical,2023-03,29,299,0.124464
Punch & mixed fruit,2023-03,6,299,0.025751
Watermelon,2023-04,15,311,0.063025
Coffee & cream,2023-04,31,311,0.130252
Sour & candy,2023-04,16,311,0.067227
Cola & soda,2023-04,8,311,0.033613
Berry,2023-04,41,311,0.172269
Tropical,2023-04,24,311,0.10084
Citrus,2023-04,23,311,0.096639
Grape,2023-04,6,311,0.02521
Apple & pear,2023-04,27,311,0.113445
Peach & stone fruit,2023-04,11,311,0.046218
Tea & botanical,2023-04,30,311,0.12605
Punch & mixed fruit,2023-04,6,311,0.02521
Watermelon,2023-05,14,309,0.05668
Coffee & cream,2023-05,31,309,0.125506
Sour & candy,2023-05,13,309,0.052632
Cola & soda,2023-05,9,309,0.036437
Berry,2023-05,41,309,0.165992
Tropical,2023-05,29,309,0.117409
Citrus,2023-05,24,309,0.097166
Grape,2023-05,8,309,0.032389
Apple & pear,2023-05,27,309,0.109312
Peach & stone fruit,2023-05,12,309,0.048583
Tea & botanical,2023-05,31,309,0.125506
Punch & mixed fruit,2023-05,8,309,0.032389
Watermelon,2023-06,14,322,0.05283
Coffee & cream,2023-06,33,322,0.124528
Sour & candy,2023-06,12,322,0.045283
Cola & soda,2023-06,8,322,0.030189
Berry,2023-06,43,322,0.162264
Tropical,2023-06,38,322,0.143396
Citrus,2023-06,26,322,0.098113
Grape,2023-06,8,322,0.030189
Apple & pear,2023-06,27,322,0.101887
Peach & stone fruit,2023-06,13,322,0.049057
Tea & botanical,2023-06,31,322,0.116981
Punch & mixed fruit,2023-06,12,322,0.045283
Watermelon,2023-07,15,344,0.054348
Coffee & cream,2023-07,37,344,0.134058
Sour & candy,2023-07,11,344,0.039855
Cola & soda,2023-07,8,344,0.028986
Berry,2023-07,47,344,0.17029
Tropical,2023-07,38,344,0.137681
Citrus,2023-07,28,344,0.101449
Grape,2023-07,7,344,0.025362
Apple & pear,2023-07,25,344,0.09058
Peach & stone fruit,2023-07,14,344,0.050725
Tea & botanical,2023-07,34,344,0.123188
Punch & mixed fruit,2023-07,12,344,0.043478
Watermelon,2023-08,14,353,0.051471
Coffee & cream,2023-08,33,353,0.121324
Sour & candy,2023-08,10,353,0.036765
Cola & soda,2023-08,7,353,0.025735
Berry,2023-08,47,353,0.172794
Tropical,2023-08,39,353,0.143382
Citrus,2023-08,31,353,0.113971
Grape,2023-08,7,353,0.025735
Apple & pear,2023-08,21,353,0.077206
Peach & stone fruit,2023-08,15,353,0.055147
Tea & botanical,2023-08,35,353,0.128676
Punch & mixed fruit,2023-08,13,353,0.047794
Watermelon,2023-09,14,357,0.050725
Coffee & cream,2023-09,36,357,0.130435
Sour & candy,2023-09,12,357,0.043478
Cola & soda,2023-09,8,357,0.028986
Berry,2023-09,46,357,0.166667
Tropical,2023-09,37,357,0.134058
Citrus,2023-09,33,357,0.119565
Grape,2023-09,8,357,0.028986
Apple & pear,2023-09,20,357,0.072464
Peach & stone fruit,2023-09,14,357,0.050725
Tea & botanical,2023-09,34,357,0.123188
Punch & mixed fruit,2023-09,14,357,0.050725
Watermelon,2023-10,14,346,0.050725
Coffee & cream,2023-10,33,346,0.119565
Sour & candy,2023-10,13,346,0.047101
Cola & soda,2023-10,9,346,0.032609
Berry,2023-10,47,346,0.17029
Tropical,2023-10,36,346,0.130435
Citrus,2023-10,32,346,0.115942
Grape,2023-10,8,346,0.028986
Apple & pear,2023-10,21,346,0.076087
Peach & stone fruit,2023-10,13,346,0.047101
Tea & botanical,2023-10,34,346,0.123188
Punch & mixed fruit,2023-10,16,346,0.057971
Watermelon,2023-11,13,356,0.047273
Coffee & cream,2023-11,34,356,0.123636
Sour & candy,2023-11,13,356,0.047273
Cola & soda,2023-11,10,356,0.036364
Berry,2023-11,47,356,0.170909
Tropical,2023-11,34,356,0.123636
Citrus,2023-11,33,356,0.12
Grape,2023-11,7,356,0.025455
Apple & pear,2023-11,20,356,0.072727
Peach & stone fruit,2023-11,13,356,0.047273
Tea & botanical,2023-11,34,356,0.123636
Punch & mixed fruit,2023-11,17,356,0.061818
Watermelon,2023-12,13,354,0.046931
Coffee & cream,2023-12,31,354,0.111913
Sour & candy,2023-12,13,354,0.046931
Cola & soda,2023-12,10,354,0.036101
Berry,2023-12,49,354,0.176895
Tropical,2023-12,35,354,0.126354
Citrus,2023-12,35,354,0.126354
Grape,2023-12,8,354,0.028881
Apple & pear,2023-12,19,354,0.068592
Peach & stone fruit,2023-12,14,354,0.050542
Tea & botanical,2023-12,33,354,0.119134
Punch & mixed fruit,2023-12,17,354,0.061372
Watermelon,2024-01,10,331,0.039216
Coffee & cream,2024-01,30,331,0.117647
Sour & candy,2024-01,14,331,0.054902
Cola & soda,2024-01,10,331,0.039216
Berry,2024-01,41,331,0.160784
Tropical,2024-01,32,331,0.12549
Citrus,2024-01,32,331,0.12549
Grape,2024-01,8,331,0.031373
Apple & pear,2024-01,19,331,0.07451
Peach & stone fruit,2024-01,11,331,0.043137
Tea & botanical,2024-01,32,331,0.12549
Punch & mixed fruit,2024-01,16,331,0.062745
Watermelon,2024-02,8,328,0.032
Coffee & cream,2024-02,33,328,0.132
Sour & candy,2024-02,15,328,0.06
Cola & soda,2024-02,11,328,0.044
Berry,2024-02,36,328,0.144
Tropical,2024-02,30,328,0.12
Citrus,2024-02,30,328,0.12
Grape,2024-02,8,328,0.032
Apple & pear,2024-02,22,328,0.088
Peach & stone fruit,2024-02,9,328,0.036
Tea & botanical,2024-02,32,328,0.128
Punch & mixed fruit,2024-02,16,328,0.064
Watermelon,2024-03,7,315,0.029412
Coffee & cream,2024-03,33,315,0.138655
Sour & candy,2024-03,14,315,0.058824
Cola & soda,2024-03,12,315,0.05042
Berry,2024-03,33,315,0.138655
Tropical,2024-03,29,315,0.121849
Citrus,2024-03,25,315,0.105042
Grape,2024-03,7,315,0.029412
Apple & pear,2024-03,18,315,0.07563
Peach & stone fruit,2024-03,9,315,0.037815
Tea & botanical,2024-03,34,315,0.142857
Punch & mixed fruit,2024-03,17,315,0.071429
Watermelon,2024-04,8,310,0.033473
Coffee & cream,2024-04,35,310,0.146444
Sour & candy,2024-04,16,310,0.066946
Cola & soda,2024-04,12,310,0.050209
Berry,2024-04,31,310,0.129707
Tropical,2024-04,29,310,0.121339
Citrus,2024-04,24,310,0.100418
Grape,2024-04,6,310,0.025105
Apple & pear,2024-04,17,310,0.07113
Peach & stone fruit,2024-04,8,310,0.033473
Tea & botanical,2024-04,35,310,0.146444
Punch & mixed fruit,2024-04,18,310,0.075314
Watermelon,2024-05,7,304,0.032558
Coffee & cream,2024-05,34,304,0.15814
Sour & candy,2024-05,16,304,0.074419
Cola & soda,2024-05,12,304,0.055814
Berry,2024-05,25,304,0.116279
Tropical,2024-05,24,304,0.111628
Citrus,2024-05,20,304,0.093023
Grape,2024-05,3,304,0.013953
Apple & pear,2024-05,14,304,0.065116
Peach & stone fruit,2024-05,7,304,0.032558
Tea & botanical,2024-05,37,304,0.172093
Punch & mixed fruit,2024-05,16,304,0.074419
Watermelon,2024-06,8,302,0.040201
Coffee & cream,2024-06,31,302,0.155779
Sour & candy,2024-06,14,302,0.070352
Cola & soda,2024-06,14,302,0.070352
Berry,2024-06,25,302,0.125628
Tropical,2024-06,16,302,0.080402
Citrus,2024-06,20,302,0.100503
Grape,2024-06,2,302,0.01005
Apple & pear,2024-06,15,302,0.075377
Peach & stone fruit,2024-06,8,302,0.040201
Tea & botanical,2024-06,34,302,0.170854
Punch & mixed fruit,2024-06,12,302,0.060302
Watermelon,2024-07,6,300,0.029703
Coffee & cream,2024-07,28,300,0.138614
Sour & candy,2024-07,15,300,0.074257
Cola & soda,2024-07,15,300,0.074257
Berry,2024-07,21,300,0.10396
Tropical,2024-07,19,300,0.094059
Citrus,2024-07,21,300,0.10396
Grape,2024-07,4,300,0.019802
Apple & pear,2024-07,17,300,0.084158
Peach & stone fruit,2024-07,9,300,0.044554
Tea & botanical,2024-07,35,300,0.173267
Punch & mixed fruit,2024-07,12,300,0.059406
Watermelon,2024-08,6,296,0.028436
Coffee & cream,2024-08,29,296,0.137441
Sour & candy,2024-08,15,296,0.07109
Cola & soda,2024-08,15,296,0.07109
Berry,2024-08,22,296,0.104265
Tropical,2024-08,20,296,0.094787
Citrus,2024-08,21,296,0.099526
Grape,2024-08,4,296,0.018957
Apple & pear,2024-08,19,296,0.090047
Peach & stone fruit,2024-08,9,296,0.042654
Tea & botanical,2024-08,37,296,0.175355
Punch & mixed fruit,2024-08,14,296,0.066351
Watermelon,2024-09,6,295,0.027273
Coffee & cream,2024-09,30,295,0.136364
Sour & candy,2024-09,13,295,0.059091
Cola & soda,2024-09,15,295,0.068182
Berry,2024-09,19,295,0.086364
Tropical,2024-09,22,295,0.1
Citrus,2024-09,23,295,0.104545
Grape,2024-09,5,295,0.022727
Apple & pear,2024-09,21,295,0.095455
Peach & stone fruit,2024-09,9,295,0.040909
Tea & botanical,2024-09,43,295,0.195455
Punch & mixed fruit,2024-09,14,295,0.063636
Watermelon,2024-10,6,304,0.025862
Coffee & cream,2024-10,33,304,0.142241
Sour & candy,2024-10,12,304,0.051724
Cola & soda,2024-10,15,304,0.064655
Berry,2024-10,20,304,0.086207
Tropical,2024-10,25,304,0.107759
Citrus,2024-10,24,304,0.103448
Grape,2024-10,8,304,0.034483
Apple & pear,2024-10,21,304,0.090517
Peach & stone fruit,2024-10,10,304,0.043103
Tea & botanical,2024-10,45,304,0.193966
Punch & mixed fruit,2024-10,13,304,0.056034
Watermelon,2024-11,8,298,0.033058
Coffee & cream,2024-11,32,298,0.132231
Sour & candy,2024-11,12,298,0.049587
Cola & soda,2024-11,15,298,0.061983
Berry,2024-11,20,298,0.082645
Tropical,2024-11,29,298,0.119835
Citrus,2024-11,22,298,0.090909
Grape,2024-11,9,298,0.03719
Apple & pear,2024-11,23,298,0.095041
Peach & stone fruit,2024-11,12,298,0.049587
Tea & botanical,2024-11,47,298,0.194215
Punch & mixed fruit,2024-11,13,298,0.053719
Watermelon,2024-12,7,297,0.027778
Coffee & cream,2024-12,37,297,0.146825
Sour & candy,2024-12,12,297,0.047619
Cola & soda,2024-12,18,297,0.071429
Berry,2024-12,21,297,0.083333
Tropical,2024-12,29,297,0.115079
Citrus,2024-12,22,297,0.087302
Grape,2024-12,8,297,0.031746
Apple & pear,2024-12,22,297,0.087302
Peach & stone fruit,2024-12,12,297,0.047619
Tea & botanical,2024-12,51,297,0.202381
Punch & mixed fruit,2024-12,13,297,0.051587
Watermelon,2025-01,9,316,0.032847
Coffee & cream,2025-01,42,316,0.153285
Sour & candy,2025-01,10,316,0.036496
Cola & soda,2025-01,19,316,0.069343
Berry,2025-01,26,316,0.094891
Tropical,2025-01,30,316,0.109489
Citrus,2025-01,25,316,0.091241
Grape,2025-01,8,316,0.029197
Apple & pear,2025-01,21,316,0.076642
Peach & stone fruit,2025-01,13,316,0.047445
Tea & botanical,2025-01,57,316,0.208029
Punch & mixed fruit,2025-01,14,316,0.051095
Watermelon,2025-02,11,325,0.036789
Coffee & cream,2025-02,44,325,0.147157
Sour & candy,2025-02,14,325,0.046823
Cola & soda,2025-02,18,325,0.060201
Berry,2025-02,32,325,0.107023
Tropical,2025-02,36,325,0.120401
Citrus,2025-02,30,325,0.100334
Grape,2025-02,9,325,0.0301
Apple & pear,2025-02,18,325,0.060201
Peach & stone fruit,2025-02,14,325,0.046823
Tea & botanical,2025-02,59,325,0.197324
Punch & mixed fruit,2025-02,14,325,0.046823
Watermelon,2025-03,12,345,0.037152
Coffee & cream,2025-03,45,345,0.139319
Sour & candy,2025-03,15,345,0.04644
Cola & soda,2025-03,19,345,0.058824
Berry,2025-03,35,345,0.108359
Tropical,2025-03,40,345,0.123839
Citrus,2025-03,34,345,0.105263
Grape,2025-03,10,345,0.03096
Apple & pear,2025-03,18,345,0.055728
Peach & stone fruit,2025-03,18,345,0.055728
Tea & botanical,2025-03,65,345,0.201238
Punch & mixed fruit,2025-03,12,345,0.037152
Watermelon,2025-04,11,347,0.035032
Coffee & cream,2025-04,44,347,0.140127
Sour & candy,2025-04,13,347,0.041401
Cola & soda,2025-04,20,347,0.063694
Berry,2025-04,36,347,0.11465
Tropical,2025-04,37,347,0.117834
Citrus,2025-04,35,347,0.111465
Grape,2025-04,10,347,0.031847
Apple & pear,2025-04,16,347,0.050955
Peach & stone fruit,2025-04,18,347,0.057325
Tea & botanical,2025-04,64,347,0.203822
Punch & mixed fruit,2025-04,10,347,0.031847
Watermelon,2025-05,12,357,0.037037
Coffee & cream,2025-05,42,357,0.12963
Sour & candy,2025-05,16,357,0.049383
Cola & soda,2025-05,20,357,0.061728
Berry,2025-05,40,357,0.123457
Tropical,2025-05,36,357,0.111111
Citrus,2025-05,37,357,0.114198
Grape,2025-05,10,357,0.030864
Apple & pear,2025-05,20,357,0.061728
Peach & stone fruit,2025-05,18,357,0.055556
Tea & botanical,2025-05,63,357,0.194444
Punch & mixed fruit,2025-05,10,357,0.030864
Watermelon,2025-06,11,373,0.032934
Coffee & cream,2025-06,44,373,0.131737
Sour & candy,2025-06,18,373,0.053892
Cola & soda,2025-06,19,373,0.056886
Berry,2025-06,40,373,0.11976
Tropical,2025-06,36,373,0.107784
Citrus,2025-06,37,373,0.110778
Grape,2025-06,10,373,0.02994
Apple & pear,2025-06,23,373,0.068862
Peach & stone fruit,2025-06,18,373,0.053892
Tea & botanical,2025-06,68,373,0.203593
Punch & mixed fruit,2025-06,10,373,0.02994
Watermelon,2025-07,11,376,0.034056
Coffee & cream,2025-07,41,376,0.126935
Sour & candy,2025-07,17,376,0.052632
Cola & soda,2025-07,19,376,0.058824
Berry,2025-07,38,376,0.117647
Tropical,2025-07,38,376,0.117647
Citrus,2025-07,35,376,0.108359
Grape,2025-07,9,376,0.027864
Apple & pear,2025-07,25,376,0.077399
Peach & stone fruit,2025-07,16,376,0.049536
Tea & botanical,2025-07,64,376,0.198142
Punch & mixed fruit,2025-07,10,376,0.03096
Watermelon,2025-08,10,405,0.030395
Coffee & cream,2025-08,49,405,0.148936
Sour & candy,2025-08,17,405,0.051672
Cola & soda,2025-08,21,405,0.06383
Berry,2025-08,38,405,0.115502
Tropical,2025-08,40,405,0.121581
Citrus,2025-08,31,405,0.094225
Grape,2025-08,9,405,0.027356
Apple & pear,2025-08,23,405,0.069909
Peach & stone fruit,2025-08,15,405,0.045593
Tea & botanical,2025-08,68,405,0.206687
Punch & mixed fruit,2025-08,8,405,0.024316
Watermelon,2025-09,10,439,0.029499
Coffee & cream,2025-09,50,439,0.147493
Sour & candy,2025-09,19,439,0.056047
Cola & soda,2025-09,23,439,0.067847
Berry,2025-09,39,439,0.115044
Tropical,2025-09,44,439,0.129794
Citrus,2025-09,28,439,0.082596
Grape,2025-09,7,439,0.020649
Apple & pear,2025-09,23,439,0.067847
Peach & stone fruit,2025-09,17,439,0.050147
Tea & botanical,2025-09,71,439,0.20944
Punch & mixed fruit,2025-09,8,439,0.023599
Watermelon,2025-10,11,462,0.031073
Coffee & cream,2025-10,53,462,0.149718
Sour & candy,2025-10,19,462,0.053672
Cola & soda,2025-10,26,462,0.073446
Berry,2025-10,41,462,0.115819
Tropical,2025-10,47,462,0.132768
Citrus,2025-10,30,462,0.084746
Grape,2025-10,5,462,0.014124
Apple & pear,2025-10,24,462,0.067797
Peach & stone fruit,2025-10,16,462,0.045198
Tea & botanical,2025-10,73,462,0.206215
Punch & mixed fruit,2025-10,9,462,0.025424
Watermelon,2025-11,11,471,0.03022
Coffee & cream,2025-11,58,471,0.159341
Sour & candy,2025-11,21,471,0.057692
Cola & soda,2025-11,29,471,0.07967
Berry,2025-11,42,471,0.115385
Tropical,2025-11,44,471,0.120879
Citrus,2025-11,30,471,0.082418
Grape,2025-11,6,471,0.016484
Apple & pear,2025-11,25,471,0.068681
Peach & stone fruit,2025-11,16,471,0.043956
Tea & botanical,2025-11,74,471,0.203297
Punch & mixed fruit,2025-11,8,471,0.021978
Watermelon,2025-12,11,476,0.031339
Coffee & cream,2025-12,56,476,0.159544
Sour & candy,2025-12,22,476,0.062678
Cola & soda,2025-12,26,476,0.074074
Berry,2025-12,40,476,0.11396
Tropical,2025-12,43,476,0.122507
Citrus,2025-12,28,476,0.079772
Grape,2025-12,6,476,0.017094
Apple & pear,2025-12,25,476,0.071225
Peach & stone fruit,2025-12,15,476,0.042735
Tea & botanical,2025-12,70,476,0.19943
Punch & mixed fruit,2025-12,9,476,0.025641
