audience,pdi_share_pct,mulo_share_pct,passport_share_pct,published_2025_pct,superseded_mulo_2025_pct,superseded_mulo_2025_usd_m,superseded_mulo_2030_pct,published_2030_pct
Young adults,67.6,61.0,69.7,73.0,64.9,17497.3,56.5,64.1
Women (fitness & wellness),11.8,28.2,12.1,13.2,18.4,4947.7,28.3,22.4
Gym & fitness,11.7,6.2,7.3,8.4,9.5,2549.3,8.1,6.4
Calorie-cutters,3.0,1.1,0,3.4,2.2,598.2,0.8,3.3
Shift workers & military,4.9,3.1,1.6,2.0,4.2,1129.1,3.3,1.1
Health-conscious adults,0.6,0.2,0,0.1,0.5,121.3,0.9,0.9
Gamers & creators,0.3,0.1,0,0.0,0.2,59.3,1.6,1.6
Coffee drinkers,0.2,0.1,0,0.0,0.2,45.8,0.4,0.0
Older functional users,0.0,0.0,0,0.0,0.0,2.7,0.1,0.0
