brand,theme,model,n,pct_pos,pct_neg,pct_neu,mean_score
5-hour Energy,energy,lexicon,171,11.7,9.9,78.4,0.0058
5-hour Energy,packaging,lexicon,32,9.4,9.4,81.2,0.0092
5-hour Energy,taste,lexicon,19,26.3,31.6,42.1,-0.0035
5-hour Energy,crash,lexicon,17,23.5,35.3,41.2,-0.0322
5-hour Energy,health,lexicon,6,16.7,0.0,83.3,0.0606
5-hour Energy,sweetness,lexicon,4,0.0,25.0,75.0,-0.0248
5-hour Energy,price,lexicon,2,50.0,0.0,50.0,0.1622
AdvoCare,taste,lexicon,4,100.0,0.0,0.0,0.3106
AdvoCare,energy,lexicon,4,75.0,25.0,0.0,0.2156
AdvoCare,crash,lexicon,3,66.7,33.3,0.0,0.2221
AdvoCare,health,lexicon,3,66.7,33.3,0.0,0.1252
AdvoCare,price,lexicon,2,100.0,0.0,0.0,0.3785
AdvoCare,packaging,lexicon,1,100.0,0.0,0.0,0.3097
AdvoCare,sweetness,lexicon,1,100.0,0.0,0.0,0.1961
Alani Nu,taste,lexicon,143,70.6,8.4,21.0,0.2419
Alani Nu,energy,lexicon,138,54.3,6.5,39.1,0.1572
Alani Nu,packaging,lexicon,84,52.4,7.1,40.5,0.1468
Alani Nu,sweetness,lexicon,38,60.5,5.3,34.2,0.2176
Alani Nu,price,lexicon,25,92.0,0.0,8.0,0.4129
Alani Nu,crash,lexicon,21,57.1,9.5,33.3,0.2304
Alani Nu,health,lexicon,18,72.2,5.6,22.2,0.2651
Bang,energy,lexicon,318,29.6,7.5,62.9,0.0587
Bang,taste,lexicon,176,44.9,13.1,42.0,0.0909
Bang,packaging,lexicon,131,28.2,12.2,59.5,0.0425
Bang,sweetness,lexicon,74,41.9,9.5,48.6,0.0776
Bang,health,lexicon,45,42.2,8.9,48.9,0.082
Bang,crash,lexicon,35,40.0,17.1,42.9,0.0445
Bang,price,lexicon,22,63.6,0.0,36.4,0.1572
Bloom Nutrition,taste,lexicon,16,100.0,0.0,0.0,0.4228
Bloom Nutrition,energy,lexicon,14,85.7,0.0,14.3,0.3167
Bloom Nutrition,packaging,lexicon,9,88.9,0.0,11.1,0.1869
Bloom Nutrition,sweetness,lexicon,7,100.0,0.0,0.0,0.3951
Bloom Nutrition,crash,lexicon,6,100.0,0.0,0.0,0.4059
Bloom Nutrition,health,lexicon,5,100.0,0.0,0.0,0.3098
Bloom Nutrition,price,lexicon,4,100.0,0.0,0.0,0.3274
C4,energy,lexicon,173,42.2,5.8,52.0,0.1105
C4,packaging,lexicon,67,38.8,10.4,50.7,0.0929
C4,taste,lexicon,57,61.4,7.0,31.6,0.1711
C4,sweetness,lexicon,24,58.3,0.0,41.7,0.2047
C4,crash,lexicon,22,45.5,13.6,40.9,0.1472
C4,health,lexicon,17,64.7,0.0,35.3,0.2281
C4,price,lexicon,14,78.6,7.1,14.3,0.2499
Celsius,energy,lexicon,299,47.5,10.0,42.5,0.1192
Celsius,taste,lexicon,244,57.4,9.4,33.2,0.1792
Celsius,packaging,lexicon,192,40.1,10.9,49.0,0.0966
Celsius,sweetness,lexicon,91,58.2,14.3,27.5,0.1702
Celsius,health,lexicon,90,48.9,14.4,36.7,0.1298
Celsius,crash,lexicon,89,44.9,20.2,34.8,0.1215
Celsius,price,lexicon,51,66.7,13.7,19.6,0.251
G Fuel,energy,lexicon,210,32.9,11.0,56.2,0.0463
G Fuel,taste,lexicon,183,41.5,6.6,51.9,0.0875
G Fuel,packaging,lexicon,137,29.9,8.0,62.0,0.0536
G Fuel,sweetness,lexicon,66,31.8,16.7,51.5,0.0387
G Fuel,crash,lexicon,45,26.7,33.3,40.0,0.0022
G Fuel,price,lexicon,35,40.0,20.0,40.0,0.0218
G Fuel,health,lexicon,21,33.3,14.3,52.4,0.0357
GURU,energy,lexicon,27,40.7,3.7,55.6,0.11
GURU,sweetness,lexicon,17,29.4,5.9,64.7,0.0564
GURU,packaging,lexicon,16,43.8,12.5,43.8,0.1121
GURU,taste,lexicon,14,57.1,14.3,28.6,0.1392
GURU,health,lexicon,9,77.8,0.0,22.2,0.2787
GURU,crash,lexicon,6,66.7,0.0,33.3,0.2442
GURU,price,lexicon,5,80.0,0.0,20.0,0.2437
Ghost,energy,lexicon,295,51.9,5.4,42.7,0.1439
Ghost,taste,lexicon,196,65.3,8.2,26.5,0.1779
Ghost,packaging,lexicon,117,54.7,7.7,37.6,0.1239
Ghost,sweetness,lexicon,58,51.7,15.5,32.8,0.1371
Ghost,health,lexicon,50,46.0,14.0,40.0,0.1303
Ghost,price,lexicon,31,58.1,22.6,19.4,0.1381
Ghost,crash,lexicon,25,28.0,28.0,44.0,0.0534
Liquid Death,energy,lexicon,21,57.1,0.0,42.9,0.1745
Liquid Death,taste,lexicon,15,66.7,6.7,26.7,0.1695
Liquid Death,packaging,lexicon,14,57.1,0.0,42.9,0.1632
Liquid Death,sweetness,lexicon,12,75.0,8.3,16.7,0.2391
Liquid Death,crash,lexicon,9,77.8,0.0,22.2,0.2513
Liquid Death,price,lexicon,7,71.4,0.0,28.6,0.223
Liquid Death,health,lexicon,7,85.7,0.0,14.3,0.2259
Liquid I.V.,sweetness,lexicon,33,42.4,6.1,51.5,0.1137
Liquid I.V.,taste,lexicon,29,55.2,3.4,41.4,0.1986
Liquid I.V.,packaging,lexicon,20,15.0,20.0,65.0,0.0135
Liquid I.V.,price,lexicon,13,38.5,7.7,53.8,0.0839
Liquid I.V.,energy,lexicon,11,54.5,0.0,45.5,0.192
Liquid I.V.,health,lexicon,5,20.0,20.0,60.0,0.0432
Monster,energy,lexicon,953,35.2,8.7,56.1,0.0789
Monster,taste,lexicon,601,48.3,11.3,40.4,0.1109
Monster,packaging,lexicon,502,32.9,11.8,55.4,0.0552
Monster,sweetness,lexicon,393,41.5,12.0,46.6,0.0885
Monster,health,lexicon,224,40.2,9.8,50.0,0.0815
Monster,crash,lexicon,124,29.0,26.6,44.4,0.0085
Monster,price,lexicon,112,50.9,22.3,26.8,0.1153
NOS,energy,lexicon,87,49.4,5.7,44.8,0.118
NOS,taste,lexicon,60,50.0,6.7,43.3,0.1326
NOS,sweetness,lexicon,42,47.6,11.9,40.5,0.0784
NOS,packaging,lexicon,21,38.1,9.5,52.4,0.0674
NOS,health,lexicon,15,53.3,6.7,40.0,0.0665
NOS,crash,lexicon,8,12.5,37.5,50.0,-0.0286
NOS,price,lexicon,5,60.0,20.0,20.0,0.071
Prime,energy,lexicon,132,26.5,3.0,70.5,0.0811
Prime,taste,lexicon,87,33.3,20.7,46.0,0.039
Prime,packaging,lexicon,79,24.1,10.1,65.8,0.0305
Prime,sweetness,lexicon,39,17.9,17.9,64.1,0.0336
Prime,price,lexicon,23,26.1,30.4,43.5,0.006
Prime,health,lexicon,12,58.3,25.0,16.7,0.0954
Prime,crash,lexicon,8,50.0,12.5,37.5,0.1382
Pureboost,energy,lexicon,8,87.5,0.0,12.5,0.2414
Pureboost,taste,lexicon,6,83.3,0.0,16.7,0.2695
Pureboost,health,lexicon,6,100.0,0.0,0.0,0.2548
Pureboost,sweetness,lexicon,5,80.0,0.0,20.0,0.211
Pureboost,crash,lexicon,4,100.0,0.0,0.0,0.3098
Pureboost,price,lexicon,3,100.0,0.0,0.0,0.3227
Pureboost,packaging,lexicon,3,100.0,0.0,0.0,0.3366
Red Bull,energy,lexicon,641,31.0,12.3,56.6,0.0528
Red Bull,taste,lexicon,568,39.3,13.9,46.8,0.0808
Red Bull,packaging,lexicon,407,24.8,10.1,65.1,0.0431
Red Bull,sweetness,lexicon,350,34.0,16.6,49.4,0.0565
Red Bull,price,lexicon,124,33.1,21.0,46.0,0.0464
Red Bull,health,lexicon,119,47.1,10.1,42.9,0.0919
Red Bull,crash,lexicon,103,24.3,26.2,49.5,0.0093
Reign,energy,lexicon,182,37.4,5.5,57.1,0.0866
Reign,taste,lexicon,134,50.0,7.5,42.5,0.1248
Reign,packaging,lexicon,74,40.5,5.4,54.1,0.1062
Reign,sweetness,lexicon,45,42.2,11.1,46.7,0.0942
Reign,health,lexicon,37,56.8,5.4,37.8,0.1384
Reign,crash,lexicon,18,66.7,16.7,16.7,0.0946
Reign,price,lexicon,14,50.0,7.1,42.9,0.1518
Rockstar,energy,lexicon,184,44.0,8.7,47.3,0.1052
Rockstar,taste,lexicon,173,47.4,13.3,39.3,0.0984
Rockstar,packaging,lexicon,104,41.3,6.7,51.9,0.0744
Rockstar,sweetness,lexicon,84,41.7,11.9,46.4,0.0563
Rockstar,health,lexicon,25,56.0,4.0,40.0,0.0945
Rockstar,price,lexicon,18,55.6,33.3,11.1,0.0706
Rockstar,crash,lexicon,16,18.8,37.5,43.8,-0.027
Spylt,taste,lexicon,8,100.0,0.0,0.0,0.3402
Spylt,energy,lexicon,6,100.0,0.0,0.0,0.3183
Spylt,packaging,lexicon,3,100.0,0.0,0.0,0.1862
Spylt,sweetness,lexicon,2,100.0,0.0,0.0,0.3228
Spylt,health,lexicon,1,100.0,0.0,0.0,0.1499
Spylt,price,lexicon,1,100.0,0.0,0.0,0.1868
Unknown,packaging,lexicon,11211,25.2,6.5,68.2,0.0428
Unknown,energy,lexicon,10974,24.7,7.6,67.7,0.047
Unknown,taste,lexicon,7602,40.4,13.7,45.9,0.0837
Unknown,sweetness,lexicon,5051,25.7,17.9,56.4,0.0173
Unknown,health,lexicon,3993,34.2,9.4,56.4,0.0651
Unknown,crash,lexicon,2516,22.1,20.3,57.6,0.005
Unknown,price,lexicon,2182,39.6,20.8,39.6,0.0491
Xwerks,energy,lexicon,5,80.0,20.0,0.0,0.5345
Xwerks,taste,lexicon,4,75.0,25.0,0.0,0.4172
Xwerks,crash,lexicon,3,100.0,0.0,0.0,0.7952
Xwerks,price,lexicon,3,66.7,33.3,0.0,0.312
Xwerks,packaging,lexicon,1,100.0,0.0,0.0,0.5812
Xwerks,sweetness,lexicon,1,0.0,100.0,0.0,-0.1005
Zipfizz,taste,lexicon,6,83.3,16.7,0.0,0.2857
Zipfizz,energy,lexicon,6,83.3,0.0,16.7,0.4156
Zipfizz,health,lexicon,5,60.0,0.0,40.0,0.3429
Zipfizz,packaging,lexicon,5,20.0,20.0,60.0,0.0013
Zipfizz,sweetness,lexicon,4,75.0,25.0,0.0,0.3914
Zipfizz,crash,lexicon,2,100.0,0.0,0.0,0.3855
Zipfizz,price,lexicon,2,100.0,0.0,0.0,0.1923
Zoa,energy,lexicon,39,30.8,7.7,61.5,0.045
Zoa,taste,lexicon,13,61.5,0.0,38.5,0.1008
Zoa,packaging,lexicon,12,33.3,8.3,58.3,0.0667
Zoa,health,lexicon,12,50.0,8.3,41.7,0.0914
Zoa,sweetness,lexicon,7,28.6,28.6,42.9,0.0102
Zoa,price,lexicon,4,75.0,0.0,25.0,0.1602
Zoa,crash,lexicon,3,0.0,33.3,66.7,-0.1005
