name,operator,product,man_made,industrial,landuse,lon,lat
,,water,silo,,,-111.9172,26.7291
,,beverage,,,,-122.819,49.2256
American Bottling,,,,,,-93.0275,44.8888
Atlantic Bottling Company,,,,distributor,,-92.4222,41.0219
Bernick's,,beverages,works,,,-95.0772,45.1043
Bottling Plant,,,,,,-121.5046,38.6461
Bottling Works Office,,,,,,-79.1767,35.4821
Brown Bottling,,,,,,-90.0206,32.2751
Brown Bottling,,,,,,-90.032,32.2661
Brown Bottling Group,,,,,,-89.3541,31.3635
Castle Springs Bottling,,,,,,-71.3279,43.7323
Coca Cola Bottling Company,,beverages;coke,,,,-93.2936,32.6197
Coca Cola Bottling Company,,,,distributor,,-111.7071,35.1912
Coca Cola Bottling Plant,,,,,,-89.2899,31.3281
Coca Cola Bottling Plant,,drinks,,,,-89.3597,31.3269
Coca Cola bottling facility,,,,,,-118.1509,34.6481
Coca-Cola,,beverages,works,,,-121.9033,37.3668
Coca-Cola Bottling,,,,,,-81.0219,46.4746
Coca-Cola Bottling,,,,,,-70.3274,43.6398
Coca-Cola Bottling,,,,,,-71.3175,42.6166
Coca-Cola Bottling,,,,,industrial,-122.1732,47.6217
Coca-Cola Bottling,,,,,,-122.1739,47.6219
Coca-Cola Bottling,,,,,,-86.2452,39.8034
Coca-Cola Bottling - Morristown,,,,,,-83.2616,36.2261
Coca-Cola Bottling - Morristown,,,,distributor,industrial,-83.2615,36.2259
Coca-Cola Bottling Co,,,,factory,,-74.059,40.8329
Coca-Cola Bottling Co,,,,,,-124.1758,40.7944
Coca-Cola Bottling Co,,,,,,-94.8495,47.4329
Coca-Cola Bottling Co.,,,,,,-96.9544,37.24
Coca-Cola Bottling Co.,,,,,,-70.4885,41.725
Coca-Cola Bottling Co.,,,,,,-83.5492,41.6926
Coca-Cola Bottling Co.,,,,,,-76.2265,40.6751
Coca-Cola Bottling Co.,,,,,,-92.547,47.5375
Coca-Cola Bottling Co. Consolidated,,,,,,-86.768,36.1246
Coca-Cola Bottling Co. of the Black Hills,,,,,,-103.2586,44.1063
Coca-Cola Bottling Company,,,,,,-86.1403,40.5078
Coca-Cola Bottling Company,,,,,industrial,-86.2472,39.8059
Coca-Cola Bottling Company,,,,factory,industrial,-123.1924,39.1439
Coca-Cola Bottling Company,,,,,industrial,-95.4232,29.7272
Coca-Cola Bottling Company,,,,,,-76.7147,39.1842
Coca-Cola Bottling Company Consolidated Candlewood Warehouse,,,,,,-76.7023,39.1694
Coca-Cola Bottling Plant,,,,,,-86.8913,40.4253
Coca-Cola Bottling Plant,,,,,,-122.6384,45.5239
Coca-cola Consolidated Bottling company,,,,,,-84.0562,39.8765
Essence Bottling Company,,,,,,-101.8116,33.6153
G&J Pepsi,,beverages,works,,,-83.835,38.7285
Great Lakes Coca-Cola Bottling,,,,,,-83.6599,43.0102
Great Lakes Coca-Cola Bottling Plant,,,,,,-87.7955,42.0161
Great Plains Coca Cola Bottling Company,,,works,,industrial,-95.9878,35.6085
Great Plains Coca Cola Bottling Company,,drinks,,,,-95.9878,35.6087
Great Plains Coca Cola Bottling Distributing,,,,,industrial,-97.5639,35.4716
Harbor Pacific Bottling,,,,,,-124.0519,46.3673
Henry F. Ortlieb Company Bottling House,,,,,,-75.1415,39.9641
Kalil Bottling Company,,,,distributor,,-111.6753,35.1895
Mahaska Bottling Company,,,,,,-92.6292,41.2809
Meadville Bottling Company,,,,,,-80.1518,41.6414
Michigan Bottling & Custom Pack Co.,,,,,industrial,-83.1808,42.3525
Montgomery Coca-Cola Bottling Company,,,,,industrial,-86.3423,32.2935
Mount Pocono Coca-Cola,ABARTA Coca-Cola Beverages,beverages,,,,-75.3877,41.1278
Nestle Waters,,water,works,,industrial,-80.2344,34.4638
Niagara Bottling,,,,,,-94.5486,38.8556
Niagara Bottling,,,,,,-97.9797,29.5885
Niagara Bottling,,,,,,-117.4156,34.1267
Niagara Bottling,,,,,,-89.6064,34.9778
Niagara Bottling,,,,,,-122.3559,47.0759
Niagara Bottling,,,,,,-121.2649,37.8948
Niagara Bottling,,,,,,-87.9094,42.5137
Niagara Bottling LLC,,,,,,-104.7087,39.745
Niagara Bottling LLC,,food,works,,,-84.7585,33.4064
Niagara Bottling LLC.,,,,,,-121.2648,37.9139
Niagara Bottling LLC.,,,,,industrial,-80.2842,26.9046
"Niagara Bottling, LLC",,,,,,-111.6245,33.353
"Niagara Bottling, LLC",,,,,,-112.0422,41.5117
Old Coca-Cola Bottling Company,,,,,,-82.1089,29.9433
Pepsi,,,,bottling,,-85.1442,41.0853
Pepsi Bottling,,,,,,-71.11,42.1537
Pepsi Bottling,,,,,,-123.2496,44.5949
Pepsi Bottling,,,,,,-122.8833,42.3695
Pepsi Bottling,,,,,,-82.425,28.0516
Pepsi Bottling,Pepsi,,,,,-105.9948,35.6572
Pepsi Bottling Co,,,works,,,-80.842,36.24
Pepsi Bottling Co.,,,,,,-71.4539,41.744
Pepsi Bottling Company,,,works,,,-82.0485,39.3335
Pepsi Bottling Company,,,works,,,-80.6599,38.7419
Pepsi Bottling Company,,,,,,-112.0049,41.3079
Pepsi Bottling Company of Davenport,,,,,,-90.5824,41.5588
Pepsi Bottling Group,,,,,,-71.1308,41.9607
Pepsi Bottling Group,,,,,,-104.9752,39.7749
Pepsi Bottling Group,,,,,,-81.5208,40.7511
Pepsi Bottling Group,,,,,,-71.1526,42.5301
Pepsi Bottling Group,,,,,,-122.2988,47.5819
Pepsi Bottling Group,,,,,,-71.4063,42.9726
Pepsi Bottling Group,,,,,,-82.335,36.3474
Pepsi Bottling Plant,Pepsi,,works,,,-87.6627,41.8315
Pepsi Bottling Plant,,,,,,-80.91,46.5148
Pepsi Bottling Plant,,,,,,-123.4,43.1308
Pepsi Bottling Plant,,,,,,-117.7266,33.5599
Pepsi Bottling Plant,,,,,,-76.5683,37.1826
Pepsi Bottling Plant,,,,,,-83.9403,42.6018
Pepsi Bottling Plant,,,,,industrial,-83.0441,42.3554
Pepsi Bottling Plant,,,,,,-122.0825,37.612
Pepsi Bottling Plant ,,,,,,-78.3337,40.5661
Pepsi Bottling Ventures,,,,,,-80.1745,36.108
Pepsi Cola Bottling,,,,,,-82.6372,36.9305
Pepsi Cola Bottling,,,,,,-104.8681,40.4014
Pepsi Cola Bottling Company,,,,,,-73.8543,40.783
Pepsi Cola Bottling Company of Houghton,,,,,,-88.5699,47.1117
Pepsi Seven-Up Bottling,,,,,,-104.7347,41.1284
Pepsi-Cola Bottling Co,,,,,,-108.0031,36.8058
Pepsi-Cola Bottling Company of Central Virginia,,,,,,-78.4835,38.0664
Pepsi-Cola Bottling Plant,,,,,,-84.5246,38.0511
Philadelphia Coca-Cola Bottling Co.,,,,,industrial,-75.1117,40.007
Poland Spring Bottling Center,,,,,,-70.3551,44.0318
Poland Spring Bottling Plant,,,,,,-70.158,44.9444
Portland Bottling Company,,,,,,-122.6526,45.524
Portland Bottling Company,,,,,,-122.6528,45.5247
Rock Springs Bottling Plant,,,,,,-89.0271,39.824
Spartanburg Coca-Cola Bottling Company,,,,,,-81.9444,34.9457
Swire Coca-Cola Bottling Co,,,,,,-123.0589,44.0869
The Bottling Works,,,,,,-78.7514,39.3388
Trenton Coca-Cola Bottling,,,,,,-93.6112,40.095
Viking Coca-Cola Bottling Company,,,,,,-95.7815,44.4423
